#  corrdinate, H_Res, Px_Res, Py_Res, Pz_Res, Gx_Res, Gy_Res, Gz_Res, ....
      0.16 -1.40265573420948e-06 -1.38285466979591e-08 1.29200596068764e-06 -8.87737538484958e-10 5.29023934799268e-07 5.03586491832406e-07 -3.34619533808177e-10
      0.48 -1.10879745974031e-06 -1.74904271758879e-06 7.51591517340267e-06 -2.69059302159694e-09 7.21394657442727e-06 -5.66151843402881e-07 -5.9342531454372e-10
       0.8 1.09817889150276e-06 1.44215612364978e-06 -1.68486193656794e-05 5.95406250429646e-09 1.06772078094696e-06 4.16698421178748e-06 -2.7310207498682e-09
      1.12 -1.36291777689413e-05 -1.70762219155449e-05 2.64161383303821e-07 -1.27045751377434e-08 -3.24993038733837e-06 2.29527785993849e-06 -1.30032459415525e-11
      1.44 -3.65800759193207e-05 4.75773325265818e-06 -2.65576733938005e-05 3.48241956781657e-09 2.54323736413591e-06 1.46442701961006e-05 1.08831285650971e-09
      1.76 -0.000425529209111735 6.43975762627778e-05 -0.000445356471949548 -2.53848419993383e-06 -6.39146480118023e-05 0.000122798186792572 3.9169274800203e-07
      2.08 -0.0233544003244441 -0.000223096368576449 -0.0134169276227993 0.00375260174587777 0.00355059870311392 -0.000730642972069382 -0.000566440308826335
       2.4 -272.771637065618 -554.569788379666 -13.0014667987528  219.09942314731 -4.44514698808949 -0.19727756167512 0.750737318888441
      2.72 -0.0309756057792826 0.00022335868969271 0.00295087930866288 0.00342232077206449 0.00142458393826534 -0.000367592329637704 -0.000214660272507685
      3.04 -0.000529404348279095 7.40553384411087e-05 0.000536612874927028 3.65415142244657e-07 -9.45380254796289e-05 -0.000129263371458726 3.40525346541396e-07
      3.36 -4.00835378960823e-05 5.10027294808735e-06 4.44687077399882e-05 8.3742360236503e-09 2.75682314173107e-06 -1.58964638152456e-05 2.00384493970325e-09
      3.68 -4.65623978906747e-06 -3.08423441426322e-05 2.21500884725101e-06 -3.09860935823381e-09 6.07687533443749e-07 -2.4323088169764e-06 -6.97210243876663e-11
         4 -3.17114425412908e-05 3.2309982051416e-06 2.46308294019866e-05 2.13335507617432e-08 3.25605704552298e-06 2.39203232560438e-06 -7.66672414425651e-09
      4.32 1.36730872271182e-06 -1.77467050793532e-05 -1.7580462748802e-05 6.32928311630041e-10 4.33581862469536e-06 1.92640814727641e-06 -1.41392517373617e-09
      4.64 1.639474798963e-06 8.45480518658159e-06 1.47951451153047e-06 4.37084503511497e-10 1.9235686177039e-06 3.98980023138127e-07 -9.92304472178494e-11
      4.96 -3.79301988582839e-07 -2.09850102741085e-06 4.42252239984075e-06 -2.91394580649469e-10 1.9293345291678e-06 -2.09349821470753e-06 -1.5577925190413e-12
      5.28 1.94468844764785e-05 1.70619289997297e-07 -2.01524198999055e-06 -1.44040874550959e-08 -7.76935840200786e-07 -1.12905735748238e-06 -5.00193659468276e-09
       5.6 6.3987561530558e-09 -4.31426497525312e-07 -1.37265191566684e-06 -4.27240057224827e-10 3.01477791291861e-07 -1.53180521512441e-06 -1.73156441429964e-10
      5.92 1.34026967848272e-08 -2.34536265914501e-06 -3.55797773910838e-06 -3.19203823566238e-10 1.38730634847327e-06 5.11823801654352e-07 4.77043110190174e-11
      6.24 4.2462173504777e-07 1.52897710876637e-06 1.19075905181958e-06 -8.19687358108035e-11 9.4874369300002e-07 6.88864779582592e-07 7.0598137830873e-11
      6.56 7.75968555368112e-09 5.991370827715e-08 6.27511841112761e-08 -1.03481894159023e-10 -1.1592239012963e-07 -4.74819674680408e-07 4.02254184800839e-11
      6.88 3.03076966861868e-07 -2.23127465373193e-07 -3.56891202964651e-07 -1.13168676770002e-10 -1.89115447248685e-08 -1.95722458520305e-07 2.69564638549017e-11
       7.2 -1.52652180305752e-08 -1.36191409883265e-07 -3.93887206482396e-07 -1.43767214322071e-10 -4.29567049383985e-08 7.61706366808374e-08 2.2197165214036e-11
      7.52 -2.1406707982499e-07 2.18154816676403e-07 -2.01299187338405e-06 -5.06244606360139e-11 -8.77605575075815e-08 -7.79282466050538e-07 -1.14226420453622e-11
      7.84 1.2001103451493e-06 8.04599974855489e-07 1.80938320722809e-06 1.96849150294697e-10 6.26483908937201e-07 -1.59210702366687e-06 6.10171807062594e-11
      8.16 -1.46080940403303e-06 -1.72310091222785e-06 8.27566889201349e-07 -8.90957592952202e-10 -6.53203258306219e-08 5.42691144408317e-07 1.51026110686424e-11
      8.48 7.27237638898736e-07 2.70217441319601e-07 -9.26463630441697e-07 -2.53066083986851e-09 -3.9027896594445e-07 -3.48789644215173e-07 -1.21182776374295e-10
       8.8 7.95904324892803e-07 -7.25909701351027e-08 -9.38204242490185e-07 -1.54221874621236e-10 -8.02469734946889e-08 3.00874686831141e-07 -5.06021781580648e-11
      9.12 1.11304996937416e-07 -8.61792235906182e-08 -9.19942146675629e-08 -8.53866298344416e-11 6.54356342648049e-08 3.91463392614561e-07 -3.44898419839317e-11
      9.44 -3.30042658498804e-08 -2.73552950498337e-08 2.81181909219521e-07 -4.47713975444418e-11 2.05668470905682e-08 1.5546976044586e-07 -2.20764985706369e-11
      9.76 1.5349027750509e-07 2.77436806206343e-08 1.57990579563887e-07 -3.57408622776953e-11 -8.74233076911631e-08 -1.21127987727537e-07 -1.46934876849976e-11
     10.08 1.52230575050847e-07 -5.24414716388113e-08 -9.68862420377836e-08 -3.04373208527606e-11 -8.10379672221025e-08 -9.02665989797114e-08 -1.37416725097542e-11
      10.4 1.05834971581998e-07 -7.33780659859582e-08 -1.48217850505211e-07 -2.5723667008725e-11 -6.0446561162039e-08 -4.28829514673958e-08 -1.31056707453879e-11
     10.72 5.51002290597639e-08 -4.18681886270892e-08 -4.83936035167646e-08 -2.08981610282366e-11 -4.45126685059784e-08 -2.53527879552624e-08 -1.16744294321474e-11
     11.04 4.1302345335708e-08 -2.70948080125571e-08 -1.61327645984995e-08 -1.83466122549977e-11 -3.48831220351624e-08 -1.82784217690996e-08 -1.01465712813237e-11
     11.36 4.03042370957273e-08 -2.15814577852687e-08 -1.81888171366139e-08 -1.68694695014942e-11 -2.91566733945811e-08 -1.63079052515602e-08 -8.82330136143551e-12
     11.68 3.28786744678839e-08 -1.78806098571986e-08 -1.9525930004988e-08 -1.49386800008601e-11 -2.38333788337664e-08 -1.20649427114255e-08 -7.86158571354856e-12
        12 2.32164088601193e-08 -1.47240148897134e-08 -1.45971841360198e-08 -1.04688368925027e-11 -1.97398448593697e-08 -1.1018347099459e-08 -7.43018730477705e-12
     12.32 2.11821998291816e-08 -1.11230877384278e-08 2.9440708874227e-09 -4.95368825914276e-12 -1.57137240703105e-08 -6.07743258712038e-09 -6.13608482861975e-12
     12.64 3.13075992228521e-08 -7.2470636379676e-09 2.57383746655794e-08 5.99980766604173e-12 -1.17002935478153e-08 1.71579355191249e-10 -6.19738824801871e-12
     12.96 2.19316912814355e-08 -8.30937867526994e-09 -3.85415732575621e-08 -4.50749015519229e-11 -9.20943143493434e-09 1.29439117074961e-08 7.72161483446725e-12
     13.28 5.02122551748652e-09 -1.20042703435016e-08 -1.257489996405e-07 -4.1947317037563e-11 -1.15545658569029e-08 -2.68018871460185e-08 -4.66969327895624e-12
      13.6 2.89301369357784e-09 -1.04661516349294e-08 -1.61381623158529e-07 1.76293105976945e-10 -1.74712339200975e-08 -1.55340576973328e-07 -7.66916707372755e-11
     13.92 -3.38023737282203e-08 -6.43868006944868e-08 -9.11608085069473e-08 -2.14894337695219e-10 -4.51169990566955e-08 -2.3464017981213e-07 -9.1045623910338e-11
     14.24 -5.69834212903188e-08 -1.18195498346377e-07 6.37772620337127e-09 -6.61436289970019e-10 -6.13745591228053e-08 -1.96482764478201e-07 -4.68639144869453e-11
     14.56 1.54727243672456e-07 -8.01871585200301e-08 -2.85921777458705e-08 -2.45589252580144e-12 -6.44670844826036e-08 -3.57842042987374e-08 -4.57878469229149e-12
     14.88 1.22595043500201e-07 -3.53594194741909e-08 -4.5976275367638e-09 -6.23256807349371e-12 -3.23960278072133e-08 2.87005167387501e-08 -4.03853759555629e-12
      15.2 7.57741217095418e-08 1.77314720096811e-08 2.44950809920456e-08 -6.06436294798225e-12 -1.25824273628254e-09 1.08214908182261e-07 -7.79396657865307e-13
     15.52 4.85582489733686e-08 3.28591756482045e-08 3.6935335906917e-08 -1.50363407103831e-11 4.82700379538475e-09 1.16177169486883e-07 -4.89062080380731e-12
     15.84 3.30534757281667e-08 2.84555585361411e-08 4.16361813392274e-08 -2.24826875768436e-11 -1.79016009291463e-09 8.99818477541924e-08 -9.33314708016087e-12
     16.16 2.75508888876063e-08 1.01778770594e-09 2.48082123288967e-08 -2.3202894502687e-11 -2.4370232448766e-08 1.90102337587265e-08 -2.10332407091583e-11
     16.48 3.44224530722764e-08 -8.64132177043285e-09 3.81185205443077e-08 -1.35968782248994e-11 -2.8335318610992e-08 -4.6103651808588e-10 -7.74055694934307e-12
      16.8 4.66958592109177e-08 -1.19360063351517e-08 5.1647637912573e-08 7.46352104678526e-12 -2.53205456781887e-08 -1.06684377036403e-09 1.24031414893e-11
     17.12 5.23497981005327e-08 -4.64167027399717e-09 8.71023645499659e-08 -4.74515951738671e-11 -8.62918651685272e-09 3.02162259698559e-08 4.36304856411817e-11
     17.44 6.04406179938055e-08 -8.28521446031953e-09 3.0592233712839e-08 4.83342882727593e-11 -1.20653463984623e-08 1.58273243233632e-08 3.74568423442801e-11
     17.76 5.57482627997923e-08 -1.61899899651015e-08 -6.56064226837729e-08 1.37617066706193e-10 -2.26751173960264e-08 -1.79441852130591e-08 8.99135197667752e-12
     18.08 3.0107087375059e-08 -2.64716017746847e-08 -1.73131943348919e-07 1.32906710993499e-10 -3.51429102788e-08 -6.11220524738471e-08 -3.49806653808633e-11
      18.4 -2.6509890768941e-09 -3.68545821195906e-08 -2.6822301667413e-07 4.1888155813249e-11 -4.65076754516792e-08 -1.03266488812325e-07 -8.4224140814314e-11
     18.72 -1.29595730116327e-07 -4.18226766347981e-08 -2.72441228419737e-07 -6.0362309316514e-10 -3.42907773625555e-08 -1.15457212556411e-07 -1.26767585348463e-10
     19.04 -2.36752822371211e-07 -4.16441160386425e-08 -2.18030623587025e-07 -1.30311792563924e-09 -1.43635347706102e-08 -1.03923333728491e-07 -1.51338883203116e-10
     19.36 -3.29722634150241e-07 -3.72184880370543e-08 -1.22357139043239e-07 -1.979379551917e-09 9.99264489664081e-09 -7.5483609091949e-08 -1.57382628635412e-10
     19.68 -1.10270521804236e-07 -2.23047938936776e-08 2.22081627806825e-08 -1.69130755878203e-09 1.7805868339927e-08 -6.40406107583966e-09 -1.03572703184609e-10
        20 1.75879765149091e-07 -4.72858442002883e-09 1.64753489121629e-07 -1.03386210875037e-09 1.77560507245989e-08 6.6847505327178e-08 -2.70984218900887e-11
     20.32 1.94611847453416e-07 -5.72927785706152e-08 9.14679552625938e-08 -6.01063341746732e-11 -1.03009077855993e-07 5.47254053722601e-10 -5.12420280100089e-11
     20.64 1.84637494528041e-07 -4.86134865335569e-08 9.67087355969643e-08 -7.76706389991508e-11 -9.59574197799086e-08 -1.51403200785491e-09 -4.90201995717234e-11
     20.96 1.72337411459326e-07 -4.16763708463435e-08 9.31270181400274e-08 -8.75559889294285e-11 -8.87211498859959e-08 -3.36759823869855e-09 -4.57751596025779e-11
     21.28 1.57621564982538e-07 -3.62967283350196e-08 8.1880523790491e-08 -8.95176109592547e-11 -8.1140672922746e-08 -4.96107236771278e-09 -4.11190911175701e-11
      21.6 1.40778832597598e-07 -3.2254644945864e-08 6.45782057112099e-08 -8.41077134660358e-11 -7.32037504835291e-08 -6.25738230627547e-09 -3.50041293763825e-11
     21.92 1.22396857748486e-07 -2.93059382684044e-08 4.31523871138781e-08 -7.25148939383137e-11 -6.50171948192746e-08 -7.23380495888163e-09 -2.76579088917829e-11
     22.24 9.25142934091347e-08 -2.88954677179301e-08 -7.75788687390099e-10 -3.61326368767329e-11 -5.32308354617976e-08 -8.09660081066819e-09 -1.14394785368597e-11
     22.56 7.72727491804294e-08 -2.67796974489371e-08 -1.70239433497126e-08 -2.43757081577353e-11 -4.64065657057917e-08 -8.34440730009478e-09 -5.84094444541724e-12
     22.88 6.46381264136743e-08 -2.47684818630465e-08 -2.82858322571852e-08 -1.48347778620945e-11 -4.05430079671288e-08 -8.2528673657042e-09 -1.74709256330254e-12
      23.2 5.45910793336609e-08 -2.27881867383232e-08 -3.4519904738882e-08 -7.75435681249862e-12 -3.56104346383058e-08 -7.86717578938634e-09 9.07793665274391e-13
     23.52 4.69697731793257e-08 -2.08020300660049e-08 -3.60777412511451e-08 -3.13608098228041e-12 -3.15432836812638e-08 -7.24293189500163e-09 2.26660938870677e-12
     23.84 4.14978215882521e-08 -1.88039366939123e-08 -3.36260753273816e-08 -7.81592817243134e-13 -2.82474635107679e-08 -6.44302437066469e-09 2.53278030574374e-12
     24.16 3.78122239811733e-08 -1.68123929698602e-08 -2.80688155278621e-08 -3.35422557486789e-13 -2.56076578777863e-08 -5.53451609102796e-09 1.95361462324307e-12
     24.48 3.81084309445822e-08 -1.4330762571493e-08 -1.29177393662589e-08 -5.07379424721918e-12 -2.41873594018572e-08 -4.20850459832205e-09 -8.86408362266465e-13
      24.8 3.5167067205214e-08 -1.27877596194075e-08 -8.84220895766274e-09 -4.770034125647e-12 -2.20595682470273e-08 -3.50590591633074e-09 -1.33225919358322e-12
     25.12 3.24751090833338e-08 -1.14350101797955e-08 -5.61517998041401e-09 -4.49713205985565e-12 -2.01325846973449e-08 -2.91970043799051e-09 -1.65062276236836e-12
     25.44 2.99352290037388e-08 -1.02599559797003e-08 -3.34936328489127e-09 -4.17626012212241e-12 -1.83673200071515e-08 -2.45455906165019e-09 -1.8000251909553e-12
     25.76 2.74902180909911e-08 -9.24651432179379e-09 -2.04213132711903e-09 -3.76734357406924e-12 -1.67365563829256e-08 -2.10561714206873e-09 -1.76998499330538e-12
     26.08 2.51163795381977e-08 -8.37597501734203e-09 -1.59721166468183e-09 -3.26249895093682e-12 -1.52231083974238e-08 -1.86033573524316e-09 -1.57535361992213e-12
      26.4 2.22575139593504e-08 -7.72118192438294e-09 -3.84616349672094e-09 -2.11402248984906e-12 -1.36658309375105e-08 -1.87483732989752e-09 -7.35766198832053e-13
     26.72 2.03290357070775e-08 -7.02875193505949e-09 -3.59468819396542e-09 -1.76566711897742e-12 -1.24406725118911e-08 -1.69269447841384e-09 -5.8089935185316e-13
     27.04 1.85907763802854e-08 -6.40710471173223e-09 -3.37469042210824e-09 -1.48098806716408e-12 -1.13380768402238e-08 -1.53196712000102e-09 -4.52142268680702e-13
     27.36 1.70239113695669e-08 -5.84651335729857e-09 -3.15785916132501e-09 -1.25145645318794e-12 -1.03454368679366e-08 -1.38771494961211e-09 -3.50996164642576e-13
     27.68 1.56109192687638e-08 -5.33897069269439e-09 -2.92775928156232e-09 -1.06875828400782e-12 -9.45120917641814e-09 -1.25637249845882e-09 -2.76756609149999e-13
        28 1.43355695701602e-08 -4.87798654681159e-09 -2.67795150757603e-09 -9.24898084563675e-13 -8.64486898894334e-09 -1.13555366588234e-09 -2.26923614368862e-13
     28.32 1.31919782032888e-08 -4.44355212983813e-09 -2.23881000529951e-09 -8.31984839098308e-13 -7.9191445833811e-09 -1.00729526533362e-09 -2.39234547888587e-13
     28.64 1.21446207519675e-08 -4.06732641952737e-09 -2.03080790624752e-09 -7.35568560836945e-13 -7.25992381244401e-09 -9.10868634551052e-10 -2.08585098764284e-13
     28.96 1.11927956482293e-08 -3.72696629322919e-09 -1.84461821856204e-09 -6.54691951960491e-13 -6.66241647879848e-09 -8.24829840116939e-10 -1.8339201496947e-13
     29.28 1.03262356075298e-08 -3.41851322168966e-09 -1.67755425899412e-09 -5.85672635463754e-13 -6.11995436828341e-09 -7.47870447755602e-10 -1.62309200658701e-13
      29.6 9.53591493051942e-09 -3.13849215914817e-09 -1.52729434799925e-09 -5.25691405588151e-13 -5.62666600770516e-09 -6.78861749601863e-10 -1.44301495517404e-13
     29.92 8.81393951195316e-09 -2.883868625654e-09 -1.39184718514451e-09 -4.72683823545805e-13 -5.17740711511462e-09 -6.1683770465744e-10 -1.2860636807771e-13
     30.24 8.11926881130053e-09 -2.65041976511888e-09 -1.26504511193893e-09 -4.2033465671574e-13 -4.76562081407056e-09 -5.59962524163453e-10 -1.18522738178192e-13
     30.56 7.52589723459981e-09 -2.43957486980083e-09 -1.15591872894526e-09 -3.79223432779181e-13 -4.39225303465021e-09 -5.09920315130881e-10 -1.04762696063907e-13
     30.88 6.98729565480291e-09 -2.24744333018197e-09 -1.05784539672673e-09 -3.42970226199275e-13 -4.05141717720051e-09 -4.64901311833062e-10 -9.17855547045107e-14
      31.2 6.49582128954295e-09 -2.07217636780524e-09 -9.69393504138357e-10 -3.1099054390696e-13 -3.73998984613264e-09 -4.24325191123496e-10 -7.98918758546033e-14
     31.52 6.04428438173723e-09 -1.91214521158428e-09 -8.89271862512144e-10 -2.82894204828195e-13 -3.45521929582388e-09 -3.87685177063099e-10 -6.9477722554986e-14
     31.84 5.62618117749245e-09 -1.76591410017783e-09 -8.16339970851037e-10 -2.58426091864441e-13 -3.19467666133158e-09 -3.54541173220487e-10 -6.0957936820893e-14
     32.16 5.23592690400977e-09 -1.63221328436408e-09 -7.496182810228e-10 -2.37406903873151e-13 -2.95620718910715e-09 -3.24512894972265e-10 -5.46894173302254e-14
     32.48 5.32378038512385e-09 -1.4993789530161e-09 -7.10124125311845e-10 -1.79805742783712e-13 -2.71746369484341e-09 -2.9660795342311e-10 1.87113627434199e-14
      32.8 4.71102354164388e-09 -1.3936271624285e-09 -6.40797288091289e-10 -1.88502032528614e-13 -2.52948640926781e-09 -2.72264662085607e-10 -2.07420800936022e-14
     33.12 4.08113109029359e-09 -1.29815817926792e-09 -5.74078794121151e-10 -2.03134781305317e-13 -2.35989488635616e-09 -2.50239199288955e-10 -6.79249165931656e-14
     33.44 3.49233595359193e-09 -1.21075709335533e-09 -5.12510593242038e-10 -2.18166414170931e-13 -2.20454709750333e-09 -2.30237292741189e-10 -1.13344990396686e-13
     33.76 3.0027043361862e-09 -1.12929215410131e-09 -4.58738883585829e-10 -2.28036267610019e-13 -2.05943234097666e-09 -2.11993435251618e-10 -1.47413118076935e-13
     34.08 2.66436713344519e-09 -1.05182680114236e-09 -4.15236295321457e-10 -2.27627569699141e-13 -1.92089197105243e-09 -1.95272795142737e-10 -1.61285107699663e-13
      34.4 -6.06616886910167e-10 -1.01816314905396e-09 -2.90614337794581e-10 -4.14199222170414e-13 -1.86600223465308e-09 -1.77621282907072e-10 -5.03957986241007e-13
     34.72 9.8669216173965e-10 -9.24002262733629e-10 -3.18585140915758e-10 -2.8364281813036e-13 -1.69301316499888e-09 -1.64474138011219e-10 -2.8417959037911e-13
     35.04 3.10230388376054e-09 -8.26239568653284e-10 -3.69629120060462e-10 -1.14935900009785e-13 -1.51204202065761e-09 -1.52570796803414e-10 4.54701852606922e-15
     35.36 5.3584455889364e-09 -7.29513674252081e-10 -4.32208426667649e-10 6.78646307696688e-14 -1.33208918083291e-09 -1.41564191424472e-10 3.19474967280125e-13
     35.68 7.34317009457562e-09 -6.3915748090008e-10 -4.93360202704947e-10 2.3821993986987e-13 -1.1634926071116e-09 -1.31150799692149e-10 6.13427240931742e-13
        36 8.6454173248011e-09 -5.60821818723397e-10 -5.39519882516463e-10 3.69017155857334e-13 -1.0172036181353e-09 -1.21099100346725e-10 8.38154204564693e-13
     36.32 1.94391920791201e-08 -4.31604661275073e-10 -7.08208211396877e-10 9.29508467893352e-13 -7.71920290586739e-10 -1.28122976690764e-10 1.8062897093684e-12
     36.64 1.3992505291652e-08 -4.21624024058799e-10 -6.23790326416079e-10 7.04934587647834e-13 -7.55896706628954e-10 -1.1165127960367e-10 1.40968189617099e-12
     36.96 5.73473502670913e-09 -4.46622624557572e-10 -4.70992169450935e-10 3.18275398493838e-13 -8.06640829903405e-10 -9.36296815393866e-11 7.27683080119764e-13
     37.28 -4.35720642617397e-09 -5.02789864755883e-10 -2.57426151646135e-10 -1.90428405350955e-13 -9.16869312162593e-10 -7.61132361756186e-11 -1.713069211064e-13
      37.6 -1.51360008163621e-08 -5.846590147287e-10 5.57736070537642e-12 -7.7150407715966e-13 -1.0761130922558e-09 -6.13939577984614e-11 -1.2020171094088e-12
     37.92 -2.53665491955197e-08 -6.85468725796976e-10 3.03771972576391e-10 -1.36907180586604e-12 -1.27141671732967e-09 -5.18478088843651e-11 -2.26819731587514e-12
     38.24 -5.50534123264721e-08 -8.11333338714829e-10 6.6601091497148e-10 -2.51777298769788e-12 -1.51807233936952e-09 -1.24336490347897e-11 -4.27150438788859e-12
     38.56 -5.33196407476015e-08 -9.21673383054024e-10 9.68818628991007e-10 -2.77122272977549e-12 -1.72996671113755e-09 -3.26329912145737e-11 -4.76433821330592e-12
     38.88 -4.4885267770334e-08 -1.02473209722506e-09 1.24875591133041e-09 -2.79382762576515e-12 -1.92724641074818e-09 -6.89354407158787e-11 -4.86726494096869e-12
      39.2 -3.09645470408234e-08 -1.11346800276298e-09 1.49213310467398e-09 -2.59426354553901e-12 -2.09679467103883e-09 -1.19051977187475e-10 -4.59224332920417e-12
     39.52 -1.31770463410325e-08 -1.18140454650182e-09 1.68652434596865e-09 -2.19435751372113e-12 -2.22661799395223e-09 -1.79871883030115e-10 -3.97348842680003e-12
     39.84 6.58297652522062e-09 -1.22285300499557e-09 1.82111565036616e-09 -1.62655728921214e-12 -2.30624399225726e-09 -2.47684619907043e-10 -3.06329581396316e-12
     40.16 2.06484003661096e-08 -5.00928649873648e-09 6.27534991713492e-10 -2.79492917448106e-12 -9.27168047893671e-09 -5.2557122779689e-10 -2.46844951965305e-12
     40.48 2.03439091628068e-08 -4.65000502845523e-09 5.96675414963603e-10 -2.75820378259738e-12 -8.64045265301748e-09 -6.27659612195539e-10 -1.88171349830748e-12
      40.8 1.95017779972996e-08 -4.37098855776616e-09 5.27156440976379e-10 -2.77588262325828e-12 -8.13415999443006e-09 -6.45048471866127e-10 -1.78484241510869e-12
     41.12 1.86750490681482e-08 -4.11116154085607e-09 4.46336220215784e-10 -2.77311824601576e-12 -7.66114684687967e-09 -6.56825501118994e-10 -1.69431830780428e-12
     41.44 1.78582710993981e-08 -3.86885314975656e-09 3.55791815314014e-10 -2.74771295180708e-12 -7.21849668370095e-09 -6.62824305339388e-10 -1.60694830648173e-12
     41.76 1.70475113313116e-08 -3.64254245066427e-09 2.57184445941733e-10 -2.69840574228132e-12 -6.80357473640592e-09 -6.63016598085967e-10 -1.52019967452741e-12
     42.08 1.62402343032625e-08 -3.43085067932938e-09 1.5224116672729e-10 -2.6247955176795e-12 -6.41401250501364e-09 -6.5750046677771e-10 -1.43215229425671e-12
      42.4 1.54351806366299e-08 -3.23253351644413e-09 4.27365451759455e-11 -2.52726427471473e-12 -6.04769226837993e-09 -6.46488638380819e-10 -1.34145115254426e-12
     42.72 1.46322458176926e-08 -3.04647336303129e-09 -6.95256604109086e-11 -2.40690030445231e-12 -5.70273159452703e-09 -6.3029674509563e-10 -1.24725882645403e-12
     43.04 1.38323589805225e-08 -2.87167161583272e-09 -1.82730823016523e-10 -2.26542139018991e-12 -5.3774678509733e-09 -6.09331590043516e-10 -1.14920796886955e-12
     43.36 1.30373616898793e-08 -2.70724094269785e-09 -2.9507176898957e-10 -2.10509800533764e-12 -5.07044271506292e-09 -5.84079412953793e-10 -1.04735379412403e-12
     43.68 1.22498867241044e-08 -2.55239755797219e-09 -4.04767100124919e-10 -1.92867651129821e-12 -4.78038668429558e-09 -5.55094155850629e-10 -9.42126563630517e-13
        44 1.14732368580146e-08 -2.40645349788586e-09 -5.10079515744414e-10 -1.73930235534708e-12 -4.50620358665617e-09 -5.22985728739949e-10 -8.34284071512095e-13
     44.32 1.07112636457967e-08 -2.26880889594207e-09 -6.09334134777651e-10 -1.54044326851256e-12 -4.24695509094443e-09 -4.88408275296338e-10 -7.24864130232014e-13
     44.64 9.49086688563143e-09 -2.11992688990763e-09 -8.27650686672095e-10 -1.0376829444899e-12 -3.95916882277408e-09 -4.06687375628256e-10 -4.48078375968377e-13
     44.96 8.85914634997013e-09 -2.00089129515259e-09 -8.86812804001274e-10 -8.85966859718734e-13 -3.73537356745722e-09 -3.77591196079785e-10 -3.70209534485335e-13
     45.28 8.27517728085323e-09 -1.88958131405544e-09 -9.30290229752212e-10 -7.48475026555857e-13 -3.52622791929332e-09 -3.49983654717059e-10 -3.01884542684388e-13
      45.6 7.73814421426208e-09 -1.78544714535558e-09 -9.58340688613833e-10 -6.25667814327427e-13 -3.330764922385e-09 -3.24041621437548e-10 -2.42808940081714e-13
     45.92 7.24681278228208e-09 -1.68797405703265e-09 -9.71471916504014e-10 -5.17718043080166e-13 -3.148065687458e-09 -2.99893168861381e-10 -1.92604171717473e-13
     46.24 6.79956920610167e-09 -1.59668106390628e-09 -9.70417324331552e-10 -4.24534546987245e-13 -2.97725826923096e-09 -2.77621108854048e-10 -1.50816314215742e-13
     46.56 6.39445978901125e-09 -1.51111960523595e-09 -9.56111661758139e-10 -3.45785737754171e-13 -2.81751654378523e-09 -2.57266529049098e-10 -1.16924801844455e-13
     46.88 6.02923040940217e-09 -1.43087222232081e-09 -9.29666680960325e-10 -2.80923168024677e-13 -2.6680590859346e-09 -2.38832329370837e-10 -9.03511525753428e-14
      47.2 5.70136601376564e-09 -1.3555512360995e-09 -8.92346800391496e-10 -2.29205094786606e-13 -2.52814804659516e-09 -2.22286758557028e-10 -7.04676941438727e-14
     47.52 5.40813010969172e-09 -1.28479742474993e-09 -8.45544768543837e-10 -1.89720042777804e-13 -2.39708803015507e-09 -2.07566950681586e-10 -5.66062901091852e-14
     47.84 5.14660425886825e-09 -1.21827870128916e-09 -7.90757327710307e-10 -1.61410367892002e-13 -2.27422497184433e-09 -1.94582461677282e-10 -4.80670659140345e-14
     48.16 4.91372757007981e-09 -1.15568879117315e-09 -7.29560877746608e-10 -1.4309582058471e-13 -2.15894501510459e-09 -1.83218805858442e-10 -4.41271349447269e-14
     48.48 4.87077533362679e-09 -1.09522293398296e-09 -5.54538870139367e-10 -2.23036805534804e-13 -2.05289322396778e-09 -1.85181336959334e-10 -8.33172320641329e-14
      48.8 4.66122544698135e-09 -1.03989460149563e-09 -5.01642420892889e-10 -2.0750399122768e-13 -1.95076351148654e-09 -1.74879310625843e-10 -8.05281728651413e-14
     49.12 4.46359591387607e-09 -9.87783540542189e-10 -4.52000075894392e-10 -1.94066929781347e-13 -1.85450969220394e-09 -1.65235527622303e-10 -7.84267224214643e-14
     49.44 4.27638698562213e-09 -9.38657423904104e-10 -4.06112253672036e-10 -1.82235876384329e-13 -1.76369095144611e-09 -1.56199702423122e-10 -7.66997673761897e-14
     49.76 4.09829577346365e-09 -8.9230181105741e-10 -3.64343282339718e-10 -1.71593536194802e-13 -1.67790298446508e-09 -1.47725404168883e-10 -7.50886857425975e-14
     50.08 3.92820416054336e-09 -8.4851930349743e-10 -3.26931269463357e-10 -1.61790541063418e-13 -1.59677617749394e-09 -1.39769879126816e-10 -7.33857554633918e-14
      50.4 3.76516671386838e-09 -8.07128700063473e-10 -2.9399797192717e-10 -1.5254092625612e-13 -1.51997378880194e-09 -1.32293873151267e-10 -7.1430562969932e-14
     50.72 3.60839859627584e-09 -7.67964152263555e-10 -2.65558665799957e-10 -1.43617607176962e-13 -1.44719012974965e-09 -1.25261454144166e-10 -6.91064117414646e-14
     51.04 3.45726347839868e-09 -7.30874319599103e-10 -2.41532016201378e-10 -1.3484785609093e-13 -1.37814874584411e-09 -1.18639834515502e-10 -6.63367308643548e-14
     51.36 3.31126145063128e-09 -6.9572152488967e-10 -2.21749947168236e-10 -1.26108778846759e-13 -1.31260059779395e-09 -1.12399193643787e-10 -6.30814835913179e-14
     51.68 3.17001693509524e-09 -6.62380909597648e-10 -2.05967511520759e-10 -1.17322791599754e-13 -1.25032224256454e-09 -1.0651250033653e-10 -5.9333575900651e-14
        52 3.03326659760505e-09 -6.30739589152971e-10 -1.93872760728877e-10 -1.08453097534609e-13 -1.19111401443313e-09 -1.00955335290707e-10 -5.51152650554643e-14
     52.32 2.90084725963378e-09 -6.00695808277838e-10 -1.8509661477851e-10 -9.9499163588222e-14 -1.134798206044e-09 -9.57057135532287e-11 -5.04745681629134e-14
     52.64 2.7378260316618e-09 -5.70324743860656e-10 -2.11735237198663e-10 -7.74859814672049e-14 -1.07695353147365e-09 -9.03823886384665e-11 -3.45562900160324e-14
     52.96 2.62032717453393e-09 -5.43548091555795e-10 -2.02333176235949e-10 -7.08753135125185e-14 -1.02675196989796e-09 -8.57572055461122e-11 -3.13083451569691e-14
     53.28 2.508569299128e-09 -5.18196699014857e-10 -1.93574428920734e-10 -6.48807900143134e-14 -9.79196892127487e-10 -8.1401163208954e-11 -2.8345609104594e-14
      53.6 2.40225641422659e-09 -4.94183182957137e-10 -1.85344885750175e-10 -5.94477666688162e-14 -9.34129772112398e-10 -7.72959599721482e-11 -2.56539179252568e-14
     53.92 2.30110584058052e-09 -4.71425677318924e-10 -1.77547282127024e-10 -5.4525394795984e-14 -8.9140171783192e-10 -7.34245669959408e-11 -2.32186347409146e-14
     54.24 2.20484785777193e-09 -4.49847605777687e-10 -1.70100122866708e-10 -5.00664766145784e-14 -8.50873087733326e-10 -6.97711724215582e-11 -2.10247363259615e-14
     54.56 2.11322535107722e-09 -4.29377454276265e-10 -1.6293660670441e-10 -4.60273205172382e-14 -8.12413107170931e-10 -6.63211255370979e-11 -1.90568997040582e-14
     54.88 2.02599345833002e-09 -4.09948543547048e-10 -1.56003550802139e-10 -4.23675963455537e-14 -7.75899484845084e-10 -6.30608809434201e-11 -1.72995887449612e-14
      55.2 1.94291921678417e-09 -3.91498801636168e-10 -1.49260315255817e-10 -3.90501906651399e-14 -7.41218029241167e-10 -5.99779427200377e-11 -1.57371407613523e-14
     55.52 1.86378120997672e-09 -3.73970536427681e-10 -1.42677727602349e-10 -3.60410620407101e-14 -7.08262265068584e-10 -5.70608085910077e-11 -1.43538531056682e-14
     55.84 1.78836921459088e-09 -3.57310208167757e-10 -1.36237007326706e-10 -3.33090963111494e-14 -6.76933049699755e-10 -5.42989140908218e-11 -1.31340697669298e-14
     56.16 1.71648384731902e-09 -3.41468201988864e-10 -1.29928690368999e-10 -3.08259618645883e-14 -6.47138189609114e-10 -5.16825767302973e-11 -1.2062267967572e-14
     56.48 1.64793018381986e-09 -3.25981346872636e-10 -1.20467082458657e-10 -2.84181880723e-14 -6.18132647723073e-10 -4.9091989917129e-11 -1.15526692418984e-14
      56.8 1.58254241224919e-09 -3.11703657694613e-10 -1.14914758136604e-10 -2.63800703532394e-14 -5.91253707594248e-10 -4.67574423855152e-11 -1.0667450801752e-14
     57.12 1.5201448873211e-09 -2.98134701697557e-10 -1.09653129896157e-10 -2.45274054293145e-14 -5.65698817772506e-10 -4.45489193375127e-11 -9.8668009906199e-15
     57.44 1.46057799075629e-09 -2.85233883753308e-10 -1.0466456960497e-10 -2.28399845201933e-14 -5.41392783987573e-10 -4.2458536519331e-11 -9.14113052767159e-15
     57.76 1.4036911733997e-09 -2.72963036311317e-10 -9.99325548837036e-11 -2.12995302954827e-14 -5.18264874449295e-10 -4.04789167754979e-11 -8.48178686434628e-15
     58.08 1.34934260397435e-09 -2.61286322806335e-10 -9.54416238812909e-11 -1.98895985042293e-14 -4.96248643129132e-10 -3.86031690174638e-11 -7.88100604856105e-15
      58.4 1.29739881783515e-09 -2.50170141066088e-10 -9.1177330050209e-11 -1.85954796044201e-14 -4.75281753041639e-10 -3.6824867192206e-11 -7.33186458891892e-15
     58.72 1.24773436572268e-09 -2.39583026718969e-10 -8.71261969217464e-11 -1.7404100392482e-14 -4.55305799525962e-10 -3.51380292508323e-11 -6.82823131891708e-15
     59.04 1.20023146251701e-09 -2.29495556601712e-10 -8.3275672881272e-11 -1.63039256327833e-14 -4.36266133527317e-10 -3.35370961171861e-11 -6.36471926115508e-15
     59.36 1.1547796359915e-09 -2.1988025216708e-10 -7.9614085943504e-11 -1.52848596871335e-14 -4.18111684878484e-10 -3.20169106564495e-11 -5.93663749154299e-15
     59.68 1.11127537556659e-09 -2.1071148289155e-10 -7.61305985277782e-11 -1.43381481442836e-14 -4.00794785581295e-10 -3.05726966437484e-11 -5.53994300350958e-15
        60 1.06962178106362e-09 -2.01965369682987e-10 -7.28151622333175e-11 -1.3456279449427e-14 -3.84270993088119e-10 -2.92000377327559e-11 -5.17119257221052e-15
     60.32 1.02972821145861e-09 -1.93619688288338e-10 -6.96584726144998e-11 -1.26328865336999e-14 -3.68498913583352e-10 -2.78948564242971e-11 -4.82749461873652e-15
     60.64 9.87663284308805e-10 -1.85550988524332e-10 -6.64347207949393e-11 -1.1855021583031e-14 -3.53261531653639e-10 -2.66174094202027e-11 -4.80421531557872e-15
     60.96 9.51748243579416e-10 -1.77964529000376e-10 -6.36102889052099e-11 -1.11349671406067e-14 -3.38912820133878e-10 -2.54428158460154e-11 -4.44917792601709e-15
     61.28 9.17511988819722e-10 -1.70724977177585e-10 -6.09295466959905e-11 -1.04604810592733e-14 -3.25215433906441e-10 -2.4326755455801e-11 -4.1012217690617e-15
      61.6 8.84839876614192e-10 -1.63814545746463e-10 -5.83831426134783e-11 -9.82870024216365e-15 -3.12136294359371e-10 -2.32658699453546e-11 -3.76270452558673e-15
     61.92 8.53618852771912e-10 -1.57216541419673e-10 -5.5962078411754e-11 -9.23740844878154e-15 -2.99644352817662e-10 -2.22570074443444e-11 -3.43652038161587e-15
     62.24 8.23738396057759e-10 -1.5091530294209e-10 -5.36577370496578e-11 -8.68494049209052e-15 -2.87710473914753e-10 -2.12972135988268e-11 -3.12595165334224e-15
     62.56 7.95091461923582e-10 -1.4489613910085e-10 -5.14619105876649e-11 -8.17008643560261e-15 -2.76307318964023e-10 -2.03837226537612e-11 -2.83452041214836e-15
     62.88 7.67575426239377e-10 -1.39145266735408e-10 -4.93668280847607e-11 -7.69199579046713e-15 -2.65409229330289e-10 -1.95139485355252e-11 -2.56584010962605e-15
      63.2 7.41093029024472e-10 -1.33649748747589e-10 -4.73651834953168e-11 -7.25008171255947e-15 -2.54992109801299e-10 -1.86854759344294e-11 -2.32346720259644e-15
     63.52 7.155533181787e-10 -1.28397432111641e-10 -4.54501635659664e-11 -6.84392519956981e-15 -2.45033311959232e-10 -1.78960513872325e-11 -2.11075277812983e-15
     63.84 6.90872593213579e-10 -1.23376885884288e-10 -4.36154757324798e-11 -6.47317928809197e-15 -2.3551151755219e-10 -1.71435743596564e-11 -1.93069417856571e-15
     64.16 6.66975348983494e-10 -1.18577339214782e-10 -4.18553760166401e-11 -6.13747325071214e-15 -2.26406621865696e-10 -1.64260883289011e-11 -1.78578662653268e-15
     64.48 7.19203981773265e-10 -1.12997587373591e-10 -4.20124798455216e-11 -2.71654814753416e-15 -2.15781382605458e-10 -1.57001695321225e-11 4.17790562187261e-15
      64.8 6.85487725534359e-10 -1.08757209599636e-10 -4.01122929561418e-11 -2.91246981888181e-15 -2.07739067422584e-10 -1.50535046458711e-11 3.37828889927745e-15
     65.12 6.49137375520836e-10 -1.04751567061734e-10 -3.81934042980191e-11 -3.27566201285055e-15 -2.00142116235704e-10 -1.44385288948276e-11 2.28818267432869e-15
     65.44 6.10915753979292e-10 -1.0096144681328e-10 -3.62720507010375e-11 -3.77176475786084e-15 -1.92953860925307e-10 -1.38533334212605e-11 9.70404856684382e-16
     65.76 5.71663645963238e-10 -9.73671311703747e-11 -3.43667509926634e-11 -4.36322414128665e-15 -1.8613660906694e-10 -1.32960729046502e-11 -5.0593135920957e-16
     66.08 5.32277088952228e-10 -9.39486465873676e-11 -3.24977542849335e-11 -5.01017511108321e-15 -1.79652129011736e-10 -1.27649696939652e-11 -2.06710595193047e-15
      66.4 4.93684662470971e-10 -9.06860125323926e-11 -3.06864882614422e-11 -5.67132427741528e-15 -1.73462134966942e-10 -1.22583179399367e-11 -3.6364805308909e-15
     66.72 4.56824777708459e-10 -8.75594903629087e-11 -2.89550074643293e-11 -6.30483271428487e-15 -1.67528772076455e-10 -1.17744877273341e-11 -5.13618679414974e-15
     67.04 4.22622967137079e-10 -8.45498322012375e-11 -2.73254415812672e-11 -6.86919876115946e-15 -1.61815101501345e-10 -1.13119292072402e-11 -6.48881498622422e-15
     67.36 3.91969174131744e-10 -8.16385298101032e-11 -2.58194437324489e-11 -7.32414082459976e-15 -1.56285585500391e-10 -1.08691767293269e-11 -7.61910235590099e-15
     67.68 3.65695042589e-10 -7.88080634681699e-11 -2.44576387575749e-11 -7.63148017988795e-15 -1.50906572510606e-10 -1.04448529741298e-11 -8.45562161404813e-15
        68 3.44551206546161e-10 -7.60421508455819e-11 -2.32590715028415e-11 -7.75602377265542e-15 -1.45646782227769e-10 -1.0037673085324e-11 -8.93246939142625e-15
     68.32 3.29184579800416e-10 -7.3325995879501e-11 -2.22406551079278e-11 -7.66644702051095e-15 -1.40477790686954e-10 -9.64644880199903e-12 -8.99095469650041e-15
     68.64 -1.11949723469858e-10 -7.38688267878141e-11 -1.49372504207545e-11 -2.06378498871686e-14 -1.41635394597753e-10 -9.141218651544e-12 -3.36023754726831e-14
     68.96 -3.49239204125528e-11 -7.06226414986643e-11 -1.55096790449186e-11 -1.76007269066764e-14 -1.3542565463888e-10 -8.80243847504089e-12 -2.8085778652642e-14
     69.28 6.65647969659473e-11 -6.72620152973181e-11 -1.65585407824739e-11 -1.37458833946933e-14 -1.28988477409227e-10 -8.481917968271e-12 -2.10160067348949e-14
      69.6 1.87407700781523e-10 -6.38187229539949e-11 -1.80100190378634e-11 -9.22372700266682e-15 -1.22385814978207e-10 -8.17737130296315e-12 -1.2676236849528e-14
     69.92 3.21951516963144e-10 -6.03297106522404e-11 -1.9780499054092e-11 -4.20302340326012e-15 -1.15689643548977e-10 -7.88653229024378e-12 -3.3842533714826e-15
     70.24 4.64121170001974e-10 -5.68362600784144e-11 -2.17781974840958e-11 1.13269892628693e-15 -1.08980340809278e-10 -7.60720189842031e-12 6.51428698967608e-15
     70.56 6.07542527700412e-10 -5.33831525111787e-11 -2.39047919621111e-11 6.58874392079491e-15 -1.02345063282278e-10 -7.33729577076464e-12 1.66525900999877e-14
     70.88 7.45665145921137e-10 -5.00178329109857e-11 -2.60570506750436e-11 1.19628431437816e-14 -9.58761236774167e-11 -7.07489174329662e-12 2.66494593113246e-14
      71.2 8.71885013336218e-10 -4.67895740095656e-11 -2.81284619338378e-11 1.70487510041015e-14 -8.96693682412396e-11 -6.81827736256747e-12 3.61160303716243e-14
     71.52 9.79667296176125e-10 -4.3748640399415e-11 -3.0010863744846e-11 2.16398399725811e-14 -8.38225541082463e-11 -6.56599740344328e-12 4.46625063351153e-14
     71.84 1.06266908297884e-09 -4.09454526232845e-11 -3.15960733811977e-11 2.55326957986588e-14 -7.84337266517282e-11 -6.31690138688838e-12 5.19048924725499e-14
     72.16 1.11486212933887e-09 -3.8429751263667e-11 -3.27775169541685e-11 2.85307127270206e-14 -7.35995968346124e-11 -6.07019109774892e-12 5.74717311814307e-14
     72.48 2.56700816256154e-09 -3.09736417113245e-11 -4.35460264931985e-11 6.2340111041532e-14 -5.91367668271721e-11 -6.78879275683513e-12 1.20140929670477e-13
      72.8 2.32809671043321e-09 -2.99586522790609e-11 -4.21159820136088e-11 5.82683440151367e-14 -5.72147019002178e-11 -6.40306809109867e-12 1.12546279776756e-13
     73.12 1.98150899560622e-09 -2.95953014566074e-11 -3.95534000591433e-11 5.14143505462524e-14 -5.65561185655839e-11 -5.97840971443961e-12 9.97561267537249e-14
     73.44 1.53886681393273e-09 -2.98665496009089e-11 -3.58810043973943e-11 4.19814071133242e-14 -5.71276652539932e-11 -5.5260736985566e-12 8.21407614292933e-14
     73.76 1.0139593728277e-09 -3.07459462909238e-11 -3.11399828817759e-11 3.02250856883688e-14 -5.88776775040536e-11 -5.05873694724822e-12 6.01676928758945e-14
     74.08 4.22415483014117e-10 -3.21984494226274e-11 -2.53884506989556e-11 1.64468449844751e-14 -6.17377790352655e-11 -4.59024253990537e-12 3.43898354783097e-14
      74.4 -2.18624249732172e-10 -3.41812443040163e-11 -1.86999136162845e-11 9.87621703297008e-16 -6.56244828210306e-11 -4.13534507500326e-12 5.4336960014807e-15
     74.72 -8.90835232837138e-10 -3.66445627501122e-11 -1.11617312292303e-11 -1.57785782174451e-14 -7.04407921616581e-11 -3.70945601359372e-12 -2.60124393416617e-14
     75.04 -1.57503669518375e-09 -3.9532502177966e-11 -2.87358020880589e-12 -3.34510883564724e-14 -7.60778017573742e-11 -3.32838902279729e-12 -5.92103178223883e-14
     75.36 -2.25151949536668e-09 -4.27838447016615e-11 6.05408245099651e-12 -5.16089905614446e-14 -8.24162987813281e-11 -3.00810531929546e-12 -9.3383533128341e-14
     75.68 -2.90037392994744e-09 -4.63328762273199e-11 1.55015561857772e-11 -6.98175237014696e-14 -8.93283639526018e-11 -2.76445901282274e-12 -1.27729338295725e-13
        76 -3.50181754170915e-09 -5.01102055481026e-11 2.53414336132948e-11 -8.76344924195998e-14 -9.66789726092155e-11 -2.61294244965899e-12 -1.61430458641476e-13
     76.32 -4.03652292791162e-09 -5.40435834392168e-11 3.54401372860381e-11 -1.04616675885342e-13 -1.04327595781138e-10 -2.56843155612143e-12 -1.93666904695456e-13
     76.64 -7.00538290520451e-09 -5.91492011778308e-11 4.7901152051989e-11 -1.53205720175085e-13 -1.14395151177601e-10 -7.86256981006352e-13 -2.83538471147707e-13
     76.96 -6.88894581898546e-09 -6.29701313118678e-11 5.76876930058692e-11 -1.61172443555223e-13 -1.21787769911097e-10 -1.33832256142509e-12 -2.99420545513953e-13
     77.28 -6.55120121290414e-09 -6.66769991279378e-11 6.72193895866603e-11 -1.65693749017993e-13 -1.28947552480769e-10 -2.11146467463878e-12 -3.0904015937473e-13
      77.6 -6.00773847784351e-09 -7.02072205155342e-11 7.63798829260744e-11 -1.66775542477053e-13 -1.35754774686724e-10 -3.09354889050626e-12 -3.12393659041563e-13
     77.92 -5.27814948400063e-09 -7.35002748203228e-11 8.50560258575308e-11 -1.64479653166276e-13 -1.42093929307479e-10 -4.26914319724661e-12 -3.09579120898723e-13
     78.24 -4.38550821866913e-09 -7.6498156828432e-11 9.31386650002221e-11 -1.58919173489481e-13 -1.47854564541227e-10 -5.61988906899286e-12 -3.00787995358102e-13
     78.56 -3.3558504240218e-09 -7.91458287507416e-11 1.00523422843178e-10 -1.5025379887015e-13 -1.52932122447098e-10 -7.12487253334541e-12 -2.86296750814102e-13
     78.88 -2.21765323489348e-09 -8.13916722071714e-11 1.07111479829326e-10 -1.38685167601159e-13 -1.57228777386424e-10 -8.76099523892525e-12 -2.6645851759851e-13
      79.2 -1.00131481656324e-09 -8.31879402109714e-11 1.12810356439563e-10 -1.24452200694494e-13 -1.60654274464e-10 -1.05033455229279e-11 -2.41694731935381e-13
     79.52 2.61365997462525e-10 -8.44912091530099e-11 1.17534695276811e-10 -1.07826441730985e-13 -1.63126767969347e-10 -1.23255694786764e-11 -2.12486779895919e-13
     79.84 1.53771006766794e-09 -8.52628307860638e-11 1.21207043150085e-10 -8.91073967100209e-14 -1.64573659817979e-10 -1.42002420231752e-11 -1.79367641353354e-13
     80.16 2.59092333389101e-09 -3.57246648193796e-10 4.71636099948001e-11 -1.34476177185447e-13 -6.87721742305981e-10 -2.8686288676138e-11 -1.36216290093082e-13
     80.48 2.52678162569555e-09 -3.46023208058988e-10 4.58039888350443e-11 -1.3529213747998e-13 -6.66342713879091e-10 -2.94595915989635e-11 -1.31828539837829e-13
      80.8 2.48318949097574e-09 -3.30824110711351e-10 4.70596309885672e-11 -1.35237993514245e-13 -6.37930530145992e-10 -3.41435362130953e-11 -1.04270764445511e-13
     81.12 2.42183123612127e-09 -3.20538923499279e-10 4.5149161904397e-11 -1.35753602072013e-13 -6.1830212879018e-10 -3.46571918179827e-11 -1.01088553808025e-13
     81.44 2.36200261884483e-09 -3.1062643266764e-10 4.30246031048247e-11 -1.36071447169273e-13 -5.99374558059263e-10 -3.51004099872345e-11 -9.80868527595088e-14
     81.76 2.30360534211281e-09 -3.01070146260033e-10 4.06971875398156e-11 -1.3617173971388e-13 -5.8111669272294e-10 -3.54710181617395e-11 -9.52375666402401e-14
     82.08 2.24654877286127e-09 -2.91854268992738e-10 3.81786942450165e-11 -1.3603772168242e-13 -5.63498752960081e-10 -3.57673532328707e-11 -9.25149298883306e-14
      82.4 2.19074969065993e-09 -2.82963685890027e-10 3.54814073045966e-11 -1.35655554754462e-13 -5.4649227207169e-10 -3.59882420559693e-11 -8.98954323291632e-14
     82.72 2.13613203637623e-09 -2.74383945919481e-10 3.26180748140899e-11 -1.35014208946816e-13 -5.30070064193894e-10 -3.61329819638297e-11 -8.7357745464831e-14
     83.04 2.08262666083929e-09 -2.66101245627293e-10 2.9601867843236e-11 -1.34105351247787e-13 -5.14206192010902e-10 -3.62013212801834e-11 -8.48826487635732e-14
     83.36 2.03017107350403e-09 -2.58102412773584e-10 2.6446339398822e-11 -1.32923234251429e-13 -4.98875934467994e-10 -3.61934398331831e-11 -8.24529559492131e-14
     83.68 1.9787091911151e-09 -2.50374889967714e-10 2.31653833875239e-11 -1.31464584791801e-13 -4.84055754484483e-10 -3.61099294688877e-11 -8.00534412905947e-14
        84 1.92819108637098e-09 -2.4290671830359e-10 1.97731935787485e-11 -1.2972849257722e-13 -4.69723266666702e-10 -3.59517745647462e-11 -7.76707658910211e-14
     84.32 1.87857273658793e-09 -2.35686520994978e-10 1.62842225674741e-11 -1.27716298824518e-13 -4.55857205020966e-10 -3.57203325430818e-11 -7.52934039776905e-14
     84.64 1.82981577236409e-09 -2.28703487010816e-10 1.27131407370932e-11 -1.25431484893294e-13 -4.4243739066656e-10 -3.54173143845768e-11 -7.29115691911347e-14
     84.96 1.78188722624344e-09 -2.21947354710521e-10 9.0747952222529e-12 -1.22879560920174e-13 -4.294446995487e-10 -3.50447651417566e-11 -7.05171408746554e-14
     85.28 1.73475928137986e-09 -2.15408395479304e-10 5.3841688716975e-12 -1.20067954453059e-13 -4.16861030151519e-10 -3.46050444524741e-11 -6.81035903637623e-14
      85.6 1.68840902020114e-09 -2.09077397363479e-10 1.65633921110887e-12 -1.17005899085384e-13 -4.04669271211035e-10 -3.4100807053394e-11 -6.56659072756097e-14
     85.92 1.64281817307301e-09 -2.02945648705774e-10 -2.09356259405071e-12 -1.13704323090372e-13 -3.92853269428129e-10 -3.35349832934771e-11 -6.32005257984344e-14
     86.24 1.59797286696317e-09 -1.97004921780641e-10 -5.85039277569816e-12 -1.10175738055291e-13 -3.81397797181517e-10 -3.29107596474647e-11 -6.07052509809925e-14
     86.56 1.55386337410528e-09 -1.91247456429568e-10 -9.59903600028759e-12 -1.06434127515703e-13 -3.70288520240727e-10 -3.2231559229363e-11 -5.8179185021997e-14
     86.88 1.51048386066304e-09 -1.8566594369639e-10 -1.33244464059682e-11 -1.02494835589724e-13 -3.59511965479072e-10 -3.15010223059271e-11 -5.56226535595552e-14
      87.2 1.46783213539415e-09 -1.802535094626e-10 -1.70116886397442e-11 -9.83744556122782e-14 -3.49055488586625e-10 -3.07229868101459e-11 -5.30371319606054e-14
     87.52 1.4259093983144e-09 -1.75003698082661e-10 -2.06459788946312e-11 -9.40907187693502e-14 -3.38907241783196e-10 -2.99014688547259e-11 -5.0425171610355e-14
     87.84 1.38471998936163e-09 -1.69910456019311e-10 -2.4212725946817e-11 -8.96623827322419e-14 -3.29056141531304e-10 -2.90406432455758e-11 -4.77903262017173e-14
     88.16 1.34427113705981e-09 -1.64968115478883e-10 -2.7697572192818e-11 -8.51091202918271e-14 -3.1949183624915e-10 -2.81448239952907e-11 -4.51370780247488e-14
     88.48 1.30457270718301e-09 -1.6017137804661e-10 -3.10864346866391e-11 -8.04514079928057e-14 -3.10204674023598e-10 -2.72184448366366e-11 -4.24707642560866e-14
      88.8 1.23335508419056e-09 -1.54176978328585e-10 -4.38959489933812e-11 -6.06922107573149e-14 -2.98424933555526e-10 -2.36149577492173e-11 -3.11668307360904e-14
     89.12 1.19713477658295e-09 -1.49737307940422e-10 -4.64796391160561e-11 -5.67914653488677e-14 -2.89831509354436e-10 -2.28003275317562e-11 -2.9011683203228e-14
     89.44 1.16210255998288e-09 -1.45445763784263e-10 -4.88106117534932e-11 -5.30350597618936e-14 -2.81523907478992e-10 -2.20013810055308e-11 -2.69694146177333e-14
     89.76 1.12823944224263e-09 -1.41296831805488e-10 -5.08871848501668e-11 -4.94284082372197e-14 -2.73491796692704e-10 -2.12198061108485e-11 -2.50381809712102e-14
     90.08 1.09552535221392e-09 -1.37285183537702e-10 -5.27088823197601e-11 -4.59760276966586e-14 -2.65725173650765e-10 -2.04571110884105e-11 -2.32159670139814e-14
      90.4 1.06393919585822e-09 -1.33405672483939e-10 -5.42763843165829e-11 -4.26815694077774e-14 -2.58214356905758e-10 -1.97146302411952e-11 -2.15005947414066e-14
     90.72 1.03345891235718e-09 -1.29653330497885e-10 -5.55914775069886e-11 -3.9547850648667e-14 -2.5094998091336e-10 -1.89935296963432e-11 -1.98897318802005e-14
     91.04 1.00406153022299e-09 -1.2602336416509e-10 -5.6657005340792e-11 -3.65768863727111e-14 -2.4392299003805e-10 -1.82948131670411e-11 -1.83809003747516e-14
     91.36 9.7572322340879e-10 -1.22511151184185e-10 -5.74768183226864e-11 -3.37699208733556e-14 -2.37124632558813e-10 -1.76193277144057e-11 -1.69714848734402e-14
     91.68 9.48419367418986e-10 -1.19112236748098e-10 -5.8055724283661e-11 -3.11274594488776e-14 -2.30546454674845e-10 -1.69677695093683e-11 -1.56587412149572e-14
        92 9.22124595419686e-10 -1.15822329925268e-10 -5.83994386524179e-11 -2.86493000671549e-14 -2.24180294511262e-10 -1.63406895945591e-11 -1.44398049146219e-14
     92.32 8.96812854349046e-10 -1.12637300040863e-10 -5.85145347267903e-11 -2.63345650304347e-14 -2.18018276124803e-10 -1.57384996461908e-11 -1.3311699650701e-14
     92.64 8.72457461027666e-10 -1.09553173057994e-10 -5.84083939451589e-11 -2.41817326401034e-14 -2.12052803509536e-10 -1.51614777359436e-11 -1.22713457507264e-14
     92.96 8.49031158268956e-10 -1.06566127958929e-10 -5.80891561578699e-11 -2.21886688614553e-14 -2.06276554602565e-10 -1.46097740928488e-11 -1.13155686778139e-14
     93.28 8.26506170989524e-10 -1.03672493126314e-10 -5.75656698986522e-11 -2.03526589884619e-14 -2.00682475289737e-10 -1.40834168651732e-11 -1.04411075169816e-14
      93.6 8.04854262319545e-10 -1.0086874272438e-10 -5.68474426560343e-11 -1.86704393085413e-14 -1.95263773411342e-10 -1.35823178823034e-11 -9.64462346146783e-15
     93.92 7.84046789713148e-10 -9.81514930801698e-11 -5.59445911447626e-11 -1.71382287673272e-14 -1.90013912767826e-10 -1.31062784166299e-11 -8.92270829905018e-15
     94.24 7.64054761058788e-10 -9.55174990647428e-11 -5.48677915772177e-11 -1.57517606334382e-14 -1.84926607125492e-10 -1.26549949454313e-11 -8.27189289836327e-15
     94.56 7.44848890789627e-10 -9.29636504743972e-11 -5.36282299348325e-11 -1.45063141632468e-14 -1.79995814222209e-10 -1.22280649127585e-11 -7.68865569521742e-15
     94.88 7.26399655993915e-10 -9.0486968411884e-11 -5.22375522395093e-11 -1.3396746265649e-14 -1.75215729773113e-10 -1.18249924913192e-11 -7.16943117891702e-15
      95.2 7.08677352525361e-10 -8.80846016676216e-11 -5.0707814825037e-11 -1.24175231668328e-14 -1.70580781476319e-10 -1.14451943443615e-11 -6.71061837857874e-15
     95.52 6.9165215111352e-10 -8.57538231009128e-11 -4.90514346085087e-11 -1.15627520750483e-14 -1.66085623018623e-10 -1.10880053875586e-11 -6.30858934945005e-15
     95.84 6.75294153474165e-10 -8.34920260211595e-11 -4.72811393617389e-11 -1.08262128453761e-14 -1.61725128081206e-10 -1.07526845508929e-11 -5.95969765922746e-15
     96.16 6.59573448419667e-10 -8.12967205690788e-11 -4.54099179826809e-11 -1.02013896444969e-14 -1.57494384345346e-10 -1.04384205405401e-11 -5.66028687437502e-15
     96.48 6.44460167969376e-10 -7.91655300979181e-11 -4.34509707668442e-11 -9.68150261546054e-15 -1.53388687498118e-10 -1.01443376007535e-11 -5.40669904644253e-15
      96.8 6.38543134123615e-10 -7.68996133936153e-11 -3.41343019015365e-11 -1.31319529399872e-14 -1.4914108662162e-10 -1.05019897735649e-11 -6.51465339698534e-15
     97.12 6.24038042887049e-10 -7.49017611361493e-11 -3.24774352661111e-11 -1.25681790846447e-14 -1.45287931579245e-10 -1.02074344457729e-11 -6.26255148349517e-15
     97.44 6.09946199606836e-10 -7.2963940827856e-11 -3.0862279840764e-11 -1.20403802523692e-14 -1.41550107950232e-10 -9.92236933784126e-12 -6.02924044255881e-15
     97.76 5.96248320051918e-10 -7.10839678280776e-11 -2.92940603879429e-11 -1.15454627546907e-14 -1.37923383560633e-10 -9.64644130917296e-12 -5.81264898090862e-15
     98.08 5.82926100404631e-10 -6.92597376376862e-11 -2.77774095022416e-11 -1.10805222443752e-14 -1.34403684274746e-10 -9.37930975626959e-12 -5.61084724539834e-15
      98.4 5.69962191289267e-10 -6.74892241524341e-11 -2.63163872471286e-11 -1.06428385000664e-14 -1.30987090500324e-10 -9.12064635091537e-12 -5.42204274389094e-15
     98.72 5.57340171800643e-10 -6.57704779163045e-11 -2.49145007916774e-11 -1.02298702109268e-14 -1.27669833693799e-10 -8.87013477836142e-12 -5.24457626614661e-15
     99.04 5.45044523532654e-10 -6.41016243748616e-11 -2.35747240472953e-11 -9.83924976127979e-15 -1.24448292865494e-10 -8.62747047550992e-12 -5.07691780471054e-15
     99.36 5.33060604606844e-10 -6.24808621286016e-11 -2.22995173044536e-11 -9.46877801525108e-15 -1.21318991084841e-10 -8.39236036909846e-12 -4.91766247580097e-15
     99.68 5.21374623700961e-10 -6.09064611863025e-11 -2.10908468694164e-11 -9.11641910141022e-15 -1.18278591985595e-10 -8.16452261388411e-12 -4.76552644019695e-15
       100 5.09973614077527e-10 -5.93767612183754e-11 -1.99502047009708e-11 -8.78029519741236e-15 -1.15323896271055e-10 -7.94368633082781e-12 -4.61934282412636e-15
    100.32 4.98845407612395e-10 -5.78901698102143e-11 -1.88786280471559e-11 -8.45868131463967e-15 -1.12451838219276e-10 -7.72959134527844e-12 -4.47805764015372e-15
    100.64 4.87978608823313e-10 -5.64451607155468e-11 -1.78767190819929e-11 -8.15000008284312e-15 -1.09659482188288e-10 -7.52198792515717e-12 -4.34072570806817e-15
    100.96 4.77362568898487e-10 -5.50402721097847e-11 -1.69446645422136e-11 -7.85281653478388e-15 -1.06944019121311e-10 -7.32063651914164e-12 -4.20650657577129e-15
    101.28 4.66987359725144e-10 -5.36741048433746e-11 -1.60822553639911e-11 -7.56583289087511e-15 -1.04302763051973e-10 -7.12530749485017e-12 -4.07466044016511e-15
     101.6 4.56843747918093e-10 -5.23453206951479e-11 -1.52889063196686e-11 -7.2878833438234e-15 -1.01733147609524e-10 -6.93578087702598e-12 -3.94454406803989e-15
    101.92 4.46923168848288e-10 -5.10526406256717e-11 -1.45636756544891e-11 -7.01792884327049e-15 -9.92327225240558e-11 -6.75184608572149e-12 -3.81560671696213e-15
    102.24 4.37217700671392e-10 -4.97948430305991e-11 -1.39052847233247e-11 -6.75505188043477e-15 -9.67991501317142e-11 -6.57330167448244e-12 -3.6873860561624e-15
    102.56 4.27720038356337e-10 -4.85707619940197e-11 -1.33121376274066e-11 -6.49845127275295e-15 -9.44302018799193e-11 -6.39995506853222e-12 -3.55950408742329e-15
    102.88 4.18423467713889e-10 -4.73792855418104e-11 -1.27823408510542e-11 -6.24743694852161e-15 -9.21237548325796e-11 -6.231622302956e-12 -3.43166306596729e-15
     103.2 4.09321839425206e-10 -4.62193538949851e-11 -1.23137228984047e-11 -6.0014247315388e-15 -8.98777881753092e-11 -6.06812776088502e-12 -3.30364142134466e-15
    103.52 4.00409543070409e-10 -4.50899577230462e-11 -1.19038539301428e-11 -5.75993112574569e-15 -8.76903797206444e-11 -5.90930391168083e-12 -3.17528967832143e-15
    103.84 3.91681481157134e-10 -4.39901363973341e-11 -1.155006540023e-11 -5.52256809986809e-15 -8.55597024132594e-11 -5.75499104911943e-12 -3.04652637776719e-15
    104.16 3.83133043149104e-10 -4.29189762443786e-11 -1.12494696926341e-11 -5.28903787205813e-15 -8.34840208351835e-11 -5.60503702957561e-12 -2.91733399754306e-15
    104.48 3.74760079494684e-10 -4.18756087992486e-11 -1.09989797580589e-11 -5.05912769453576e-15 -8.14616877110171e-11 -5.45929701020707e-12 -2.78775487338958e-15
     104.8 3.64083135318436e-10 -4.07302626244811e-11 -1.30770161435214e-11 -4.33516586622395e-15 -7.92265566147137e-11 -5.30012270493856e-12 -2.24553041753065e-15
    105.12 3.56199043394651e-10 -3.97477899818786e-11 -1.277977150841e-11 -4.14204667636618e-15 -7.73222007916994e-11 -5.16345548085792e-12 -2.1402841014264e-15
    105.44 3.48510758130621e-10 -3.87923352677338e-11 -1.24944694888801e-11 -3.95845153269113e-15 -7.54699809858648e-11 -5.03082304314809e-12 -2.04013893815788e-15
    105.76 3.4101288478139e-10 -3.78630460174246e-11 -1.2220029312609e-11 -3.7838870543668e-15 -7.36682651627751e-11 -4.90208712196121e-12 -1.94486463905968e-15
    106.08 3.33700171101626e-10 -3.69590964171306e-11 -1.19554428005064e-11 -3.61788091012112e-15 -7.19154717978833e-11 -4.77711410502157e-12 -1.85423896013187e-15
     106.4 3.26567504952658e-10 -3.60796867852445e-11 -1.16997722730879e-11 -3.45998134134798e-15 -7.02100689015919e-11 -4.65577494257628e-12 -1.76804755013448e-15
    106.72 3.19609911909524e-10 -3.52240430537844e-11 -1.14521484568483e-11 -3.30975668521336e-15 -6.85505730443157e-11 -4.53794505234601e-12 -1.68608379868219e-15
    107.04 3.1282255286801e-10 -3.43914162498052e-11 -1.1211768390635e-11 -3.16679489776141e-15 -6.69355483815429e-11 -4.42350422447572e-12 -1.60814868433883e-15
    107.36 3.06200721651691e-10 -3.35810819768104e-11 -1.09778933320215e-11 -3.03070307702058e-15 -6.53636056788985e-11 -4.31233652648537e-12 -1.53405062271207e-15
    107.68 2.99739842618974e-10 -3.27923398961639e-11 -1.07498466636808e-11 -2.90110698610964e-15 -6.38334013372052e-11 -4.20433020822065e-12 -1.46360531454791e-15
       108 2.93435468270141e-10 -3.2024513208502e-11 -1.05270117997584e-11 -2.77765057634385e-15 -6.23436364175462e-11 -4.09937760680373e-12 -1.39663559382534e-15
    108.32 2.87283276854389e-10 -3.12769481351446e-11 -1.03088300922464e-11 -2.65999551034098e-15 -6.08930556663272e-11 -3.99737505158392e-12 -1.33297127585092e-15
    108.64 2.81279069976873e-10 -3.05490133995075e-11 -1.00947987373564e-11 -2.54782068512748e-15 -5.94804465403384e-11 -3.89822276908845e-12 -1.27244900535334e-15
    108.96 2.75418770205747e-10 -2.98400997085139e-11 -9.88446868189272e-12 -2.44082175524449e-15 -5.81046382318168e-11 -3.80182478797318e-12 -1.21491210457805e-15
    109.28 2.69698418679206e-10 -2.91496192340064e-11 -9.67744252962646e-12 -2.33871065585401e-15 -5.67645006935082e-11 -3.70808884397332e-12 -1.16021042138182e-15
     109.6 2.6411417271253e-10 -2.84770050941583e-11 -9.47337244766825e-12 -2.24121512584494e-15 -5.5458943663729e-11 -3.61692628485413e-12 -1.10820017732735e-15
    109.92 2.58662303405123e-10 -2.78217108348859e-11 -9.27195807284201e-12 -2.14807823093919e-15 -5.4186915691429e-11 -3.5282519753617e-12 -1.05874381577787e-15
    110.24 2.53339193247557e-10 -2.71832099112597e-11 -9.07294441805817e-12 -2.05905788679778e-15 -5.2947403161253e-11 -3.4419842021736e-12 -1.01170984999168e-15
    110.56 2.48141333728612e-10 -2.65609951689169e-11 -8.87611977868715e-12 -1.97392638212691e-15 -5.17394293186031e-11 -3.35804457884969e-12 -9.66972711216828e-16
    110.88 2.43065322942319e-10 -2.59545783254725e-11 -8.68131363893272e-12 -1.89246990178409e-15 -5.05620532947007e-11 -3.27635795078274e-12 -9.2441259678561e-16
     111.2 2.38107863195003e-10 -2.53634894519312e-11 -8.48839457820537e-12 -1.81448804988419e-15 -4.94143691316486e-11 -3.19685230014926e-12 -8.83915318209219e-16
    111.52 2.33265758612323e-10 -2.47872764540994e-11 -8.29726817749578e-12 -1.73979337290557e-15 -4.82955048074935e-11 -3.11945865086015e-12 -8.45372149272321e-16
    111.84 2.28535912746314e-10 -2.42255045539969e-11 -8.10787492574811e-12 -1.66821088279615e-15 -4.72046212612875e-11 -3.04411097351144e-12 -8.08679674127637e-16
    112.16 2.2391532618243e-10 -2.36777557712685e-11 -7.92018812623351e-12 -1.59957758007949e-15 -4.61409114181507e-11 -2.97074609033504e-12 -7.73739635390551e-16
    112.48 2.19401094146586e-10 -2.31436284045958e-11 -7.73421180292336e-12 -1.53374197696093e-15 -4.51035992143332e-11 -2.89930358014943e-12 -7.40458782233682e-16
     112.8 2.14882590067073e-10 -2.25907394904582e-11 -7.33854403776032e-12 -1.43590193723312e-15 -4.40326430036393e-11 -2.8234557819891e-12 -7.01935428492444e-16
    113.12 2.10579193133453e-10 -2.20846336592282e-11 -7.16880889316811e-12 -1.37733221771033e-15 -4.30494775048158e-11 -2.75606378604382e-12 -6.72121569579849e-16
    113.44 2.06375298730549e-10 -2.15914279063147e-11 -7.00354522736125e-12 -1.3215938984219e-15 -4.20912828721704e-11 -2.69050516050769e-12 -6.4379898085802e-16
    113.76 2.02268233500485e-10 -2.11107438926384e-11 -6.84261737133882e-12 -1.26853715600888e-15 -4.11573295706726e-11 -2.62672239445125e-12 -6.1688513205734e-16
    114.08 1.98255398546651e-10 -2.06422145273474e-11 -6.68589379936669e-12 -1.21801865343434e-15 -4.02469096839712e-11 -2.56465978057848e-12 -5.91301220830585e-16
     114.4 1.94334268067546e-10 -2.01854837539623e-11 -6.53324704901346e-12 -1.16990139320082e-15 -3.93593365041764e-11 -2.50426337989086e-12 -5.66972085735989e-16
    114.72 1.90502387990619e-10 -1.97402063365218e-11 -6.38455364118643e-12 -1.12405457056762e-15 -3.8493944121642e-11 -2.44548098635146e-12 -5.43826119220314e-16
    115.04 1.86757374606113e-10 -1.93060476457276e-11 -6.23969400016752e-12 -1.0803534267682e-15 -3.76500870147478e-11 -2.38826209154896e-12 -5.21795180601913e-16
    115.36 1.83096913200908e-10 -1.88826834450899e-11 -6.0985523736493e-12 -1.03867910222754e-15 -3.68271396396818e-11 -2.33255784936179e-12 -5.00814509053801e-16
    115.68 1.7951875669236e-10 -1.84697996770729e-11 -5.96101675277086e-12 -9.98918489779474e-16 -3.60244960202227e-11 -2.27832104062213e-12 -4.8082263658672e-16
       116 1.76020724262148e-10 -1.80670922492399e-11 -5.82697879215382e-12 -9.60964087884083e-16 -3.52415693375221e-11 -2.22550603778003e-12 -4.61761301032209e-16
    116.32 1.7260069999011e-10 -1.76742668203986e-11 -5.69633372993826e-12 -9.24713853845032e-16 -3.44777915198864e-11 -2.17406876956745e-12 -4.43575359025665e-16
    116.64 1.69256631488093e-10 -1.72910385867464e-11 -5.5689803078187e-12 -8.90071057026951e-16 -3.37326128325598e-11 -2.12396668566235e-12 -4.26212698989419e-16
    116.96 1.65986528533789e-10 -1.69171320680158e-11 -5.44482069108003e-12 -8.5694413207278e-16 -3.3005501467506e-11 -2.07515872135275e-12 -4.09624154115795e-16
    117.28 1.6278846170458e-10 -1.655228089362e-11 -5.3237603886335e-12 -8.25246532121142e-16 -3.2295943133191e-11 -2.02760526220078e-12 -3.93763415350184e-16
     117.6 1.5966056101138e-10 -1.61962275887974e-11 -5.20570817305261e-12 -7.94896582023693e-16 -3.16034406443648e-11 -1.98126810870679e-12 -3.78586944374105e-16
    117.92 1.56601014532478e-10 -1.58487233607578e-11 -5.09057600060914e-12 -7.65817331562498e-16 -3.09275135118442e-11 -1.93611044097338e-12 -3.64053886588278e-16
    118.24 1.5360806704738e-10 -1.55095278848272e-11 -4.97827893130908e-12 -7.37936408667376e-16 -3.02676975322949e-11 -1.8920967833695e-12 -3.50125984095685e-16
    118.56 1.50680018670649e-10 -1.51784090905931e-11 -4.86873504892856e-12 -7.11185872633274e-16 -2.96235443780136e-11 -1.8491929691945e-12 -3.36767488684645e-16
    118.88 1.47815223485752e-10 -1.48551429480502e-11 -4.76186538104985e-12 -6.85502067337621e-16 -2.89946211867107e-11 -1.80736610534222e-12 -3.23945074811873e-16
     119.2 1.45012088178897e-10 -1.45395132537453e-11 -4.65759381909726e-12 -6.60825474457691e-16 -2.83805101512923e-11 -1.76658453696502e-12 -3.11627752585553e-16
    119.52 1.4226907067288e-10 -1.42313114169227e-11 -4.55584703837315e-12 -6.37100566687967e-16 -2.77808081096426e-11 -1.72681781213789e-12 -2.99786780748404e-16
    119.84 1.39584678760925e-10 -1.39303362456699e-11 -4.45655441809386e-12 -6.14275660957497e-16 -2.7195126134406e-11 -1.68803664652251e-12 -2.88395579660743e-16
    120.16 1.36957468740525e-10 -1.36363937330622e-11 -4.35964796142568e-12 -5.92302771647261e-16 -2.66230891227698e-11 -1.6502128880313e-12 -2.77429644283561e-16
    120.48 1.34386044047288e-10 -1.33492968433086e-11 -4.26506221552077e-12 -5.71137463807527e-16 -2.60643353862461e-11 -1.61331948149151e-12 -2.6686645716158e-16
     120.8 1.31324937453319e-10 -1.30604844455764e-11 -4.15798734052164e-12 -5.55666190542257e-16 -2.55027298904306e-11 -1.57522367739054e-12 -2.79293806371161e-16
    121.12 1.28893747302914e-10 -1.27870477436827e-11 -4.06874191892681e-12 -5.3570033525186e-16 -2.49704571475427e-11 -1.54024052187895e-12 -2.6811854081906e-16
    121.44 1.26521075720291e-10 -1.25200377313754e-11 -3.98181564674789e-12 -5.16368336680027e-16 -2.44506520425852e-11 -1.50613854354541e-12 -2.57013057994422e-16
    121.76 1.24205079184577e-10 -1.22592835407339e-11 -3.89713559389615e-12 -4.97644126138277e-16 -2.39429844006499e-11 -1.47289231379609e-12 -2.45987758784688e-16
    122.08 1.21943913025733e-10 -1.20046195671563e-11 -3.81462985087895e-12 -4.79504827121592e-16 -2.34471342072958e-11 -1.44047716375762e-12 -2.35056319121514e-16
     122.4 1.1973573524046e-10 -1.17558853353225e-11 -3.73422758928185e-12 -4.61930561597353e-16 -2.2962791348677e-11 -1.40886916900546e-12 -2.2423538764569e-16
    122.72 1.17578710308098e-10 -1.15129253651574e-11 -3.65585912225082e-12 -4.44904256294288e-16 -2.24896553516716e-11 -1.37804513429235e-12 -2.1354428337207e-16
    123.04 1.15471013006533e-10 -1.12755890377938e-11 -3.57945596497434e-12 -4.28411448991405e-16 -2.20274351240099e-11 -1.34798257827666e-12 -2.03004693354491e-16
    123.36 1.13410832228101e-10 -1.10437304615349e-11 -3.50495089516563e-12 -4.12440094806939e-16 -2.15758486944032e-11 -1.31865971825087e-12 -1.92640370350705e-16
    123.68 1.11396374795488e-10 -1.0817208337818e-11 -3.43227801354471e-12 -3.96980372487285e-16 -2.11346229526718e-11 -1.29005545486995e-12 -1.82476830487296e-16
       124 1.09425869277638e-10 -1.05958858271767e-11 -3.36137280432065e-12 -3.82024490695949e-16 -2.07034933898742e-11 -1.26214935687976e-12 -1.72541050924611e-16
    124.32 1.07497569805653e-10 -1.03796304152045e-11 -3.29217219567365e-12 -3.67566494302477e-16 -2.02822038384348e-11 -1.23492164584548e-12 -1.62861167521678e-16
    124.64 1.05609759888699e-10 -1.01683137785172e-11 -3.22461462023727e-12 -3.53602070671407e-16 -1.98705062122729e-11 -1.20835318088002e-12 -1.53466172501139e-16
    124.96 1.03760756229909e-10 -9.9618116507163e-12 -3.1586400755805e-12 -3.40128355951198e-16 -1.9468160246931e-11 -1.18242544337242e-12 -1.44385612114168e-16
    125.28 1.01948912542286e-10 -9.76000368835172e-12 -3.09419018469001e-12 -3.27143741363183e-16 -1.90749332397033e-11 -1.15712052171627e-12 -1.35649284305399e-16
     125.6 1.00172623364607e-10 -9.56277333688474e-12 -3.03120825645221e-12 -3.14647679490496e-16 -1.86905997897642e-11 -1.13242109603813e-12 -1.27286936377848e-16
    125.92 9.84303278773273e-11 -9.37000769665108e-12 -2.96963934613549e-12 -3.02640490567026e-16 -1.83149415382969e-11 -1.10831042292593e-12 -1.19327962657842e-16
    126.24 9.67205137184824e-11 -9.18159738882373e-12 -2.90943031587232e-12 -2.91123168766348e-16 -1.79477469086214e-11 -1.08477232015737e-12 -1.11801102159937e-16
    126.56 9.50417207995934e-11 -8.99743642137598e-12 -2.85052989514144e-12 -2.80097188490668e-16 -1.75888108463239e-11 -1.06179115142836e-12 -1.04734136251852e-16
    126.88 9.33925451215696e-11 -8.81742205504435e-12 -2.79288874124999e-12 -2.6956431065976e-16 -1.72379345593841e-11 -1.03935181108141e-12 -9.81535863193844e-17
     127.2 9.17716425906126e-11 -8.64145466929155e-12 -2.7364594998157e-12 -2.59526388999913e-16 -1.68949252583049e-11 -1.01743970883405e-12 -9.20844114313399e-17
    127.52 9.01777328341197e-11 -8.4694376282694e-12 -2.68119686524899e-12 -2.49985176332866e-16 -1.65595958962399e-11 -9.96040754507239e-13 -8.65497060044562e-17
    127.84 8.86096030165874e-11 -8.30127714678181e-12 -2.6270576412352e-12 -2.40942130864748e-16 -1.62317649091224e-11 -9.75141342753779e-13 -8.15703974683271e-17
    128.16 8.70661116555152e-11 -8.13688215624776e-12 -2.57400080121667e-12 -2.32398222475025e-16 -1.59112559557937e-11 -9.54728337786724e-13 -7.71649439303282e-17
    128.48 8.55461924373093e-11 -7.9761641706642e-12 -2.52198754887495e-12 -2.24353739005433e-16 -1.55978976581318e-11 -9.34789058107793e-13 -7.33490318405403e-17
     128.8 9.4056851981068e-11 -7.75088133373092e-12 -2.5942116867978e-12 -1.29739619098471e-17 -1.51577458013802e-11 -9.12758409553888e-13 3.19422554807516e-16
    129.12 9.19802607177895e-11 -7.60135402499078e-12 -2.53677899234531e-12 -1.81648610695565e-17 -1.48662260014067e-11 -8.93883564555776e-13 2.98633644889468e-16
    129.44 8.98021483602228e-11 -7.45608586658841e-12 -2.47878055224519e-12 -2.63426195637557e-17 -1.45830058104387e-11 -8.75478191096182e-13 2.72464051736551e-16
    129.76 8.75332251368052e-11 -7.31491947009787e-12 -2.42032793059526e-12 -3.72699066805228e-17 -1.43077782151681e-11 -8.57528354570817e-13 2.41357407825429e-16
    130.08 8.51850580382235e-11 -7.17769416666169e-12 -2.36154461311915e-12 -5.06922108954361e-17 -1.40402296733914e-11 -8.40020303803128e-13 2.05791309561889e-16
     130.4 8.27699793190896e-11 -7.04424652205687e-12 -2.30256489402651e-12 -6.63395874379443e-17 -1.378004112821e-11 -8.22940480085587e-13 1.66273909541371e-16
    130.72 8.03009949996151e-11 -6.91441085176084e-12 -2.24353276287318e-12 -8.39284058577498e-17 -1.35268890222301e-11 -8.06275526220972e-13 1.23340508809468e-16
    131.04 7.7791693367288e-11 -6.78801973601745e-12 -2.18460079142134e-12 -1.03163097591178e-16 -1.32804463117635e-11 -7.90012295563647e-13 7.75501491224563e-17
    131.36 7.5256153478547e-11 -6.66490453490299e-12 -2.1259290204997e-12 -1.23737903527558e-16 -1.30403834810274e-11 -7.74137861060854e-13 2.94822052078073e-17
    131.68 7.27088536604588e-11 -6.54489590339216e-12 -2.06768384686368e-12 -1.45338621575585e-16 -1.28063695563453e-11 -7.58639524293998e-13 -2.02670229752772e-17
       132 7.01645800123918e-11 -6.42782430642407e-12 -2.01003691005556e-12 -1.67644354229715e-16 -1.25780731203466e-11 -7.43504824519925e-13 -7.10877179753717e-17
    132.32 6.76383349076926e-11 -6.31352053396819e-12 -1.95316397926469e-12 -1.90329256136525e-16 -1.23551633261675e-11 -7.28721547712213e-13 -1.22359952588292e-16
    132.64 6.51452454953612e-11 -6.20181621609039e-12 -1.89724384018762e-12 -2.13064281661096e-16 -1.21373109116508e-11 -7.14277735602451e-13 -1.73457097596585e-16
    132.96 6.27004722017273e-11 -6.09254433801892e-12 -1.84245718188832e-12 -2.35518932453378e-16 -1.19241892135466e-11 -7.00161694721533e-13 -2.23749229508993e-16
    133.28 6.03191172321248e-11 -5.98553975521038e-12 -1.78898548365829e-12 -2.57363005014582e-16 -1.17154751817123e-11 -6.86362005440932e-13 -2.72606538299961e-16
     133.6 5.80161330725677e-11 -5.88063970841572e-12 -1.73700990187681e-12 -2.78268338263539e-16 -1.15108503933129e-11 -6.72867531013989e-13 -3.194027351491e-16
    133.92 5.58062309914258e-11 -5.7776843387462e-12 -1.68671015687105e-12 -2.97910561103089e-16 -1.13100020670216e-11 -6.59667426617198e-13 -3.63518460180679e-16
    134.24 5.37037895411007e-11 -5.67651720273945e-12 -1.63826341977628e-12 -3.1597083998644e-16 -1.11126240772197e-11 -6.46751148391495e-13 -4.04344690203089e-16
    134.56 5.17227630597e-11 -5.57698578742539e-12 -1.59184319939603e-12 -3.32137626483559e-16 -1.09184179681972e-11 -6.34108462483536e-13 -4.41286146448347e-16
    134.88 4.98765901727142e-11 -5.47894202539226e-12 -1.54761822906226e-12 -3.46108404847541e-16 -1.07270939683528e-11 -6.21729454086981e-13 -4.73764702311567e-16
     135.2 4.81781022946915e-11 -5.38224280985258e-12 -1.50575135349555e-12 -3.57591439580982e-16 -1.05383720043945e-11 -6.09604536483786e-13 -5.01222791090438e-16
    135.52 4.66394321309134e-11 -5.28675050970916e-12 -1.46639841566524e-12 -3.66307523002358e-16 -1.03519827155396e-11 -5.97724460085481e-13 -5.23126813724711e-16
    135.84 4.52719221790708e-11 -5.19233348462111e-12 -1.42970714364965e-12 -3.71991722812395e-16 -1.01676684677153e-11 -5.8608032147446e-13 -5.38970546535677e-16
    136.16 4.40860332309387e-11 -5.09886660006975e-12 -1.39581603749621e-12 -3.74395129660452e-16 -9.98518436775851e-12 -5.74663572445259e-13 -5.48278548965651e-16
    136.48 4.30912528740524e-11 -5.00623174242471e-12 -1.36485325608166e-12 -3.7328660471089e-16 -9.80429927761679e-12 -5.63466029045847e-13 -5.50609571317454e-16
     136.8 -1.93328177462108e-11 -5.15156208260038e-12 -8.75841421479516e-13 -1.2936611496738e-15 -1.00915572945305e-11 -5.44496102394138e-13 -2.32982670987668e-15
    137.12 -1.62207218446414e-11 -5.04602212641577e-12 -8.7875955932723e-13 -1.22936047200623e-15 -9.88520993572357e-12 -5.34193312284562e-13 -2.20989625379718e-15
    137.44 -1.21421763492036e-11 -4.93810598011007e-12 -8.90555842044647e-13 -1.14966458951892e-15 -9.67415303154033e-12 -5.24185082084401e-13 -2.06008525773782e-15
    137.76 -7.16293441169757e-12 -4.82799989997845e-12 -9.10778967761741e-13 -1.05548830009708e-15 -9.45875404690493e-12 -5.14455650950225e-13 -1.88216247483526e-15
    138.08 -1.35487540906058e-12 -4.71591781424848e-12 -9.3892659676094e-13 -9.47843401905969e-16 -9.23943483555538e-12 -5.04989059210586e-13 -1.67808383191718e-15
     138.4 5.20449049946593e-12 -4.60209957868182e-12 -9.7444862970951e-13 -8.27831629465609e-16 -9.0166682089062e-12 -4.957692334433e-13 -1.44997884422522e-15
    138.72 1.24325178151743e-11 -4.48680923217594e-12 -1.01675048589195e-12 -6.96637589725482e-16 -8.79097450491083e-12 -4.86780071552703e-13 -1.20013703013768e-15
    139.04 2.02419211427236e-11 -4.37033325236584e-12 -1.06519638144238e-12 -5.55521698139298e-16 -8.5629181569242e-12 -4.78005527846926e-13 -9.30994325892449e-16
    139.36 2.85412706329759e-11 -4.25297881122574e-12 -1.11911260757693e-12 -4.05813114739705e-16 -8.33310426256525e-12 -4.6942969811516e-13 -6.45119500309784e-16
    139.68 3.72354874258282e-11 -4.13507203067089e-12 -1.1777908088261e-12 -2.48902680213077e-16 -8.1021751525795e-12 -4.61036904704923e-13 -3.45200569515273e-16
       140 4.6226339093052e-11 -4.01695623815915e-12 -1.24049126126719e-12 -8.62358519741625e-17 -7.87080695970144e-12 -4.5281178159933e-13 -3.40312116625101e-17
    140.32 5.54129350811249e-11 -3.89899022229282e-12 -1.30644615075666e-12 8.06943597591252e-17 -7.63970618751719e-12 -4.44739359494361e-13 2.85502818343962e-16
    140.64 6.46922221540677e-11 -3.78154648842029e-12 -1.37486285116254e-12 2.50354455891007e-16 -7.40960627932688e-12 -4.36805150876124e-13 6.10437274125865e-16
    140.96 7.39594798362756e-11 -3.66500951423781e-12 -1.44492720259677e-12 4.21177512373043e-16 -7.18126418700734e-12 -4.2899523509813e-13 9.37743003108231e-16
    141.28 8.31088158553583e-11 -3.54977400539116e-12 -1.51580678964764e-12 5.9157024412949e-16 -6.95545693987447e-12 -4.21296343458556e-13 1.26433953179673e-15
     141.6 9.20336615849717e-11 -3.43624315107739e-12 -1.58665421961218e-12 7.59920068982511e-16 -6.7329782135458e-12 -4.13695944277512e-13 1.58710865105474e-15
    141.92 1.00627267487654e-10 -3.32482687964652e-12 -1.65661040072849e-12 9.24602171577468e-16 -6.51463489880304e-12 -4.06182327974312e-13 1.90290800138051e-15
    142.24 1.0878319855766e-10 -3.2159401142033e-12 -1.72480782040818e-12 1.08398656730814e-15 -6.30124367045462e-12 -3.98744692144742e-13 2.20858465818426e-15
    142.56 1.16395829763795e-10 -3.11000102820889e-12 -1.79037382346873e-12 1.23644516624205e-15 -6.09362755619811e-12 -3.91373226638325e-13 2.50098871706551e-15
    142.88 1.23360841492253e-10 -3.00742930108256e-12 -1.8524338903659e-12 1.38035883704573e-15 -5.89261250548284e-12 -3.84059198635589e-13 2.77698687909008e-15
     143.2 1.2957571498945e-10 -2.90864437380344e-12 -1.91011491542612e-12 1.51412447090995e-15 -5.69902395837234e-12 -3.76795037725335e-13 3.03347603606734e-15
    143.52 1.34940227804857e-10 -2.81406370451227e-12 -1.96254848507881e-12 1.63616204547498e-15 -5.51368341440698e-12 -3.69574420981911e-13 3.26739685582728e-15
    143.84 1.39356949233839e-10 -2.72410102411302e-12 -2.00887415608887e-12 1.74492168875592e-15 -5.33740500146633e-12 -3.62392358042469e-13 3.47574736749779e-15
    144.16 1.42731735760485e-10 -2.63916459187469e-12 -2.04824273378901e-12 1.8388907430679e-15 -5.17099204463178e-12 -3.55245276184239e-13 3.65559654678174e-15
    144.48 1.44974226500448e-10 -2.55965545103301e-12 -2.07981955031214e-12 1.91660082895138e-15 -5.01523363504906e-12 -3.48131105401797e-13 3.80409790123414e-15
     144.8 3.37252182560793e-10 -2.12123447040307e-12 -2.76675231645098e-12 4.0366406945196e-15 -4.15194737349875e-12 -3.99122073840534e-13 7.8474328391762e-15
    145.12 3.25492633146882e-10 -2.07564600220355e-12 -2.74044787829771e-12 3.95394561887676e-15 -4.06296133640478e-12 -3.88586934075269e-13 7.68918972518814e-15
    145.44 3.10018594219635e-10 -2.04108735662781e-12 -2.69584828027663e-12 3.82573181714114e-15 -3.99566918321731e-12 -3.77378216159626e-13 7.44365715442113e-15
    145.76 2.90978365670921e-10 -2.01749643312249e-12 -2.63296856070092e-12 3.65313295433337e-15 -3.94994709644988e-12 -3.65567080542073e-13 7.11295282007744e-15
    146.08 2.68541078959783e-10 -2.00476740406465e-12 -2.55190526362294e-12 3.43751924614747e-15 -3.92558509155868e-12 -3.53231040362218e-13 6.69964622062841e-15
     146.4 2.42895371090103e-10 -2.00275244399413e-12 -2.4528333935945e-12 3.18048490377349e-15 -3.92229043298427e-12 -3.40453493454648e-13 6.20673482671284e-15
    146.72 2.14248058588244e-10 -2.01126345884583e-12 -2.3360033704271e-12 2.8838355787199e-15 -3.93969105019346e-12 -3.27323254352755e-13 5.63762024803507e-15
    147.04 1.82822811480716e-10 -2.03007381518209e-12 -2.20173798395221e-12 2.54957580763627e-15 -3.9773389537211e-12 -3.13934086292582e-13 4.99608440026336e-15
    147.36 1.48858827271819e-10 -2.05892006942494e-12 -2.05042934878147e-12 2.17989645713572e-15 -4.03471365121184e-12 -3.00384233216654e-13 4.28626567192808e-15
    147.68 1.12609504921316e-10 -2.09750369708852e-12 -1.88253585906706e-12 1.77716216861764e-15 -4.111225563462e-12 -2.86775951777816e-13 3.51263509132023e-15
       148 7.43411188220672e-11 -2.14549282201133e-12 -1.69857914326184e-12 1.34389880309e-15 -4.20621944046135e-12 -2.73215043343065e-13 2.67997249338932e-15
    148.32 3.43314927776971e-11 -2.20252394558861e-12 -1.49914101887966e-12 8.82780885992073e-16 -4.31897777743492e-12 -2.59810385997391e-13 1.79334268664191e-15
    148.64 -7.13132601975722e-12 -2.26820367600461e-12 -1.28486044725561e-12 3.96619052016884e-16 -4.44872423088484e-12 -2.46673466547605e-13 8.58071620039695e-16
    148.96 -4.97503930121765e-11 -2.34211045746498e-12 -1.05643048830632e-12 -1.11652510066068e-16 -4.59462703463204e-12 -2.33917912526187e-13 -1.20277450101844e-16
    149.28 -9.32211922977268e-11 -2.42379629942904e-12 -8.14595255290151e-13 -6.38988612588516e-16 -4.75580241585822e-12 -2.21659024195111e-13 -1.13592779321571e-15
     149.6 -1.3723296265319e-10 -2.51278850584217e-12 -5.60146869567476e-13 -1.1822456241607e-15 -4.93131801114752e-12 -2.10013306549684e-13 -2.18291303758477e-15
    149.92 -1.81470023556316e-10 -2.60859140436806e-12 -2.9392241536093e-13 -1.73819402484892e-15 -5.12019628252841e-12 -1.99098001322382e-13 -3.25510100344368e-15
    150.24 -2.25613101208154e-10 -2.71068807562109e-12 -1.68008945157509e-14 -2.30353096135277e-15 -5.32141793351544e-12 -1.89030618986691e-13 -4.34621753608021e-15
    150.56 -2.69340654555418e-10 -2.81854208239864e-12 2.70299818740104e-13 -2.87489280218292e-15 -5.53392532515109e-12 -1.79928470760932e-13 -5.44987033893757e-15
    150.88 -3.12330201312819e-10 -2.93159919891342e-12 5.66426023035603e-13 -3.44886769283834e-15 -5.75662589204757e-12 -1.71908200612106e-13 -6.55957280671576e-15
     151.2 -3.54259643985419e-10 -3.04928914002582e-12 8.70591235096439e-13 -4.02200811098384e-15 -5.98839555842865e-12 -1.65085317259726e-13 -7.66876785847348e-15
    151.52 -3.94808595890956e-10 -3.17102729047615e-12 1.18177923498465e-12 -4.59084342162737e-15 -6.22808215417135e-12 -1.59573726179655e-13 -8.77085177072948e-15
    151.84 -4.33659707182218e-10 -3.29621643411709e-12 1.49894711133855e-12 -5.15189243229772e-15 -6.47450883084793e-12 -1.55485261607938e-13 -9.85919801056487e-15
    152.16 -4.70499990869368e-10 -3.42424848314591e-12 1.82102830661233e-12 -5.7016759482218e-15 -6.72647747776757e-12 -1.52929218544641e-13 -1.09271810687245e-14
    152.48 -5.05022148842297e-10 -3.55450620733688e-12 2.14693566231585e-12 -6.23672932750214e-15 -6.9827721380182e-12 -1.52011884757686e-13 -1.19682002927186e-14
     152.8 -8.97648983079956e-10 -3.77325955489339e-12 2.62102195935483e-12 -9.02660872847498e-15 -7.41931867456569e-12 -3.13607321836882e-14 -1.72494822912536e-14
    153.12 -9.04982505615343e-10 -3.9008713673795e-12 2.94251888367725e-12 -9.38544536635119e-15 -7.66992571249138e-12 -4.13193849383944e-14 -1.79603683950044e-14
    153.44 -9.04712273594844e-10 -4.02775700541515e-12 3.26270860232173e-12 -9.69157534519789e-15 -7.91897160824471e-12 -5.46983567980764e-14 -1.8572613972202e-14
    153.76 -8.96979259605206e-10 -4.15337926951041e-12 3.58061824255545e-12 -9.94431549347133e-15 -8.16540564473256e-12 -7.14483976797498e-14 -1.90848404468035e-14
    154.08 -8.81964238888257e-10 -4.27720708445428e-12 3.89528063937583e-12 -1.01432331488625e-14 -8.40818983646863e-12 -9.15056550234204e-14 -1.94961388862645e-14
     154.4 -8.59885679905309e-10 -4.3987164009794e-12 4.20573599544063e-12 -1.02881370659153e-14 -8.6463006584129e-12 -1.14792362703919e-13 -1.98060531319882e-14
    154.72 -8.30997634901537e-10 -4.51739109742694e-12 4.51103354099845e-12 -1.03790683236454e-14 -8.87873077481106e-12 -1.41217529942755e-13 -2.00145629297735e-14
    155.04 -7.95587630470373e-10 -4.63272388141131e-12 4.81023319381882e-12 -1.04162912331587e-14 -9.10449076803396e-12 -1.70677630219949e-13 -2.01220670602644e-14
    155.36 -7.53974558117898e-10 -4.74421719148501e-12 5.10240721912256e-12 -1.04002842452694e-14 -9.32261086741702e-12 -2.03057290185881e-13 -2.0129366469398e-14
    155.68 -7.06506564827243e-10 -4.85138409880333e-12 5.38664188951192e-12 -1.03317308581189e-14 -9.53214267809956e-12 -2.38229978573117e-13 -2.00376473988534e-14
       156 -6.53558943622962e-10 -4.95374920878925e-12 5.66203914490103e-12 -1.0211510524794e-14 -9.73216090986441e-12 -2.76058695108272e-13 -1.98484645165005e-14
    156.32 -5.95532024135431e-10 -5.05084956279815e-12 5.92771825244601e-12 -1.00406895609456e-14 -9.92176510597718e-12 -3.16396659423837e-13 -1.95637240468485e-14
    156.64 -5.32849063165237e-10 -5.14223553978259e-12 6.18281746647534e-12 -9.82051205240709e-15 -1.01000813720258e-11 -3.59087999970031e-13 -1.91856669014947e-14
    156.96 -4.6595413524759e-10 -5.22747175795715e-12 6.42649568841999e-12 -9.55239076281272e-15 -1.02662641047598e-11 -4.03968442926621e-13 -1.87168518095733e-14
    157.28 -3.95310023216676e-10 -5.30613797646318e-12 6.65793412674384e-12 -9.23789804121624e-15 -1.04194977209299e-11 -4.50866001114794e-13 -1.81601384482035e-14
     157.6 -3.21396108770074e-10 -5.3778299970336e-12 6.87633795687387e-12 -8.8787567297093e-15 -1.05589983861274e-11 -4.99601662908976e-13 -1.75186705729389e-14
    157.92 -2.44706263033136e-10 -5.4421605656577e-12 7.08093798113044e-12 -8.47683107103988e-15 -1.06840157436235e-11 -5.49990081148687e-13 -1.67958591482155e-14
    158.24 -1.65746737123401e-10 -5.49876027424588e-12 7.27099228865748e-12 -8.03411761623096e-15 -1.07938346432088e-11 -6.01840262050364e-13 -1.59953654778011e-14
    158.56 -8.50340527149494e-11 -5.54727846229449e-12 7.44578791535289e-12 -7.55273613219875e-15 -1.08877768700328e-11 -6.54956254119226e-13 -1.51210843352433e-14
    158.88 -3.09289260281735e-12 -5.5873841185506e-12 7.60464250379873e-12 -7.0349205093713e-15 -1.09652028734431e-11 -7.09137837061102e-13 -1.41771270943185e-14
     159.2 7.9546008732623e-11 -5.61876678267679e-12 7.74690596319148e-12 -6.48300966930693e-15 -1.1025513495825e-11 -7.6418121069428e-13 -1.31678048594805e-14
    159.52 1.62347974561244e-10 -5.6411374469159e-12 7.87196212927228e-12 -5.89943847231288e-15 -1.10681517014412e-11 -8.19879683861328e-13 -1.20976115963093e-14
    159.84 2.44776495338818e-10 -5.65422945775587e-12 7.97923042425729e-12 -5.2867286250635e-15 -1.10926043052705e-11 -8.76024363340966e-13 -1.09712072619595e-14
    160.16 3.31213540196022e-10 -2.40733136303902e-11 -2.48461456148153e-13 -3.43209551046633e-15                0                0                0
    160.48 3.26427722730756e-10 -2.36870876642596e-11 -2.43232306161957e-13 -3.34354324952455e-15                0                0                0
     160.8 3.21713754475545e-10 -2.33069643601689e-11 -2.38093313890256e-13 -3.25497806602885e-15                0                0                0
    161.12 3.17070276485344e-10 -2.29328176329728e-11 -2.33042094713119e-13 -3.16636630961107e-15                0                0                0
    161.44 3.12495977926748e-10 -2.2564526610448e-11 -2.28076404290015e-13 -3.07768329527729e-15                0                0                0
    161.76 3.05346001669435e-10 -2.18902048027506e-11 -2.13540720225046e-13 -2.15310225744947e-15                0                0                0
    162.08 3.00986840001722e-10 -2.15427792989199e-11 -2.09033938827787e-13 -2.08969579271141e-15                0                0                0
     162.4 2.96701584286467e-10 -2.12018653518328e-11 -2.04637363204408e-13 -2.02884479215378e-15                0                0                0
    162.72 2.9248873579275e-10 -2.08673181237852e-11 -2.00347924228673e-13 -1.97044075658508e-15                0                0                0
    163.04 2.88346824408135e-10 -2.05389957103282e-11 -1.96162623357534e-13 -1.91437827696677e-15                0                0                0
    163.36 2.8427440833012e-10 -2.02167591077296e-11 -1.92078531801555e-13 -1.86055499442871e-15                0                0                0
    163.68 2.80270073757602e-10 -1.99004721804359e-11 -1.8809278969534e-13 -1.80887156028443e-15                0                0                0
       164 2.76332434582327e-10 -1.95900016285339e-11 -1.8420260526795e-13 -1.75923159604658e-15                0                0                0
    164.32 2.72460132080359e-10 -1.92852169552128e-11 -1.80405254013332e-13 -1.7115416534422e-15                0                0                0
    164.64 2.68651834603529e-10 -1.89859904342258e-11 -1.76698077860746e-13 -1.66571117442815e-15                0                0                0
    164.96 2.64906237270898e-10 -1.86921970773521e-11 -1.73078484345186e-13 -1.62165245120646e-15                0                0                0
    165.28 2.61222061660217e-10 -1.84037146018587e-11 -1.69543945777806e-13 -1.57928058623968e-15                0                0                0
     165.6 2.57598055499379e-10 -1.81204233979618e-11 -1.66091998416342e-13 -1.53851345226623e-15                0                0                0
    165.92 2.54032992357885e-10 -1.78422064962894e-11 -1.62720241635542e-13 -1.49927165231579e-15                0                0                0
    166.24 2.50525671338297e-10 -1.75689495353425e-11 -1.59426337097584e-13 -1.46147847972467e-15                0                0                0
    166.56 2.47074916767698e-10 -1.73005407289571e-11 -1.56208007922505e-13 -1.42505987815112e-15                0                0                0
    166.88 2.43679577889153e-10 -1.7036870833766e-11 -1.53063037858624e-13 -1.38994440159074e-15                0                0                0
     167.2 2.4033852855316e-10 -1.67778331166607e-11 -1.49989270452967e-13 -1.35606317439183e-15                0                0                0
    167.52 2.37050666909118e-10 -1.65233233222532e-11 -1.46984608221691e-13 -1.32334985127076e-15                0                0                0
    167.84 2.3381491509678e-10 -1.62732396403378e-11 -1.44047011820508e-13 -1.29174057732729e-15                0                0                0
    168.16 2.3063021893771e-10 -1.60274826733529e-11 -1.41174499215113e-13 -1.26117394806001e-15                0                0                0
    168.48 2.27495547626745e-10 -1.57859554038428e-11 -1.38365144851603e-13 -1.23159096938162e-15                0                0                0
     168.8 2.24409893423453e-10 -1.55485631619195e-11 -1.35617078826905e-13 -1.20293501763434e-15                0                0                0
    169.12 2.21372271343587e-10 -1.53152135927247e-11 -1.32928486059201e-13 -1.17515179960527e-15                0                0                0
    169.44 2.18381718850551e-10 -1.50858166238916e-11 -1.30297605458351e-13 -1.14818931254174e-15                0                0                0
    169.76 2.15437295546851e-10 -1.48602844330063e-11 -1.27722729096318e-13 -1.12199780416667e-15                0                0                0
    170.08 2.12538082865556e-10 -1.46385314150702e-11 -1.25202201377592e-13 -1.09652973269395e-15                0                0                0
     170.4 2.09683183761761e-10 -1.44204741499614e-11 -1.22734418209617e-13 -1.07173972684378e-15                0                0                0
    170.72 2.06871722404036e-10 -1.42060313698968e-11 -1.20317826173211e-13 -1.04758454585804e-15                0                0                0
    171.04 2.04102843865894e-10 -1.39951239268937e-11 -1.17950921692994e-13 -1.02402303951568e-15                0                0                0
    171.36 2.01375713817242e-10 -1.37876747602318e-11 -1.15632250207812e-13 -1.00101610814803e-15                0                0                0
    171.68 1.98689518215844e-10 -1.3583608863915e-11 -1.13360405341163e-13 -9.78526662654212e-16                0                0                0
       172 1.96043462998778e-10 -1.33828532541329e-11 -1.11134028071617e-13 -9.5651958451646e-16                0                0                0
    172.32 1.93436773773894e-10 -1.31853369367232e-11 -1.08951805903244e-13 -9.34961685815518e-16                0                0                0
    172.64 1.90868695511271e-10 -1.2990990874633e-11 -1.06812472036039e-13 -9.13821669245979e-16                0                0                0
    172.96 1.88338492234679e-10 -1.27997479553809e-11 -1.04714804536344e-13 -8.93070088131664e-16                0                0                0
    173.28 1.85845446713035e-10 -1.26115429585187e-11 -1.02657625507276e-13 -8.72679306440969e-16                0                0                0
     173.6 1.83388860151862e-10 -1.24263125230932e-11 -1.00639800259147e-13 -8.52623458802234e-16                0                0                0
    173.92 1.80968051884745e-10 -1.22439951151084e-11 -9.86602364798921e-14 -8.32878410519108e-16                0                0                0
    174.24 1.78582359064796e-10 -1.20645309949865e-11 -9.67178834054929e-14 -8.13421717585911e-16                0                0                0
    174.56 1.76231136356103e-10 -1.18878621850308e-11 -9.48117309904016e-14 -7.94232586702987e-16                0                0                0
    174.88 1.73913755625196e-10 -1.17139324368864e-11 -9.29408090779673e-14 -7.75291835292081e-16                0                0                0
     175.2 1.71629605632503e-10 -1.1542687199003e-11 -9.11041865708575e-14 -7.56581851511687e-16                0                0                0
    175.52 1.69378091723807e-10 -1.1374073584096e-11 -8.93009706014866e-14 -7.38086554272423e-16                0                0                0
    175.84 1.67158635521707e-10 -1.12080403366087e-11 -8.75303057024352e-14 -7.19791353252384e-16                0                0                0
    176.16 1.64970674617073e-10 -1.10445378001741e-11 -8.579137297688e-14 -7.01683108912507e-16                0                0                0
    176.48 1.62813662260507e-10 -1.08835178850766e-11 -8.40833892690156e-14 -6.83750092511937e-16                0                0                0
     176.8 1.60687067053801e-10 -1.07249340357138e-11 -8.24056063344786e-14 -6.65981946123381e-16                0                0                0
    177.12 1.58590372641397e-10 -1.05687411980585e-11 -8.07573100107742e-14 -6.48369642648482e-16                0                0                0
    177.44 1.56523077401839e-10 -1.04148957871204e-11 -7.91378193876981e-14 -6.30905445833172e-16                0                0                0
    177.76 1.53786545602066e-10 -1.01873809483852e-11 -7.54851743746519e-14 -5.02171930814521e-16                0                0                0
    178.08 1.51797866778898e-10 -1.00404195320454e-11 -7.3984168648628e-14 -4.88379269156335e-16                0                0                0
     178.4 1.49839381037516e-10 -9.89592415128259e-12 -7.2516652422699e-14 -4.75072074871475e-16                0                0                0
    178.72 1.47910545083865e-10 -9.75384615904825e-12 -7.10817815577018e-14 -4.62231812363906e-16                0                0                0
    179.04 1.46010825128201e-10 -9.61413781339905e-12 -6.96787301325977e-14 -4.49840448570318e-16                0                0                0
    179.36 1.44139696787231e-10 -9.47675226788652e-12 -6.83066902369714e-14 -4.37880446597671e-16                0                0                0
    179.68 1.42296644986268e-10 -9.34164356194701e-12 -6.69648717635288e-14 -4.26334759360763e-16                0                0                0
       180 1.40481163861378e-10 -9.20876661129149e-12 -6.56525022005942e-14 -4.15186823219771e-16                0                0                0
    180.32 1.3869275666153e-10 -9.07807719829552e-12 -6.43688264246103e-14 -4.04420551617819e-16                0                0                0
    180.64 1.36930935650746e-10 -8.94953196238902e-12 -6.31131064926349e-14 -3.94020328718527e-16                0                0                0
    180.96 1.3519522201025e-10 -8.82308839044627e-12 -6.18846214348407e-14 -3.83971003043569e-16                0                0                0
    181.28 1.33485145740619e-10 -8.69870480717565e-12 -6.06826670470114e-14 -3.74257881110229e-16                0                0                0
     181.6 1.31800245563927e-10 -8.57634036550963e-12 -5.95065556830426e-14 -3.64866721068956e-16                0                0                0
    181.92 1.30140068825902e-10 -8.45595503699458e-12 -5.83556160474379e-14 -3.55783726340917e-16                0                0                0
    182.24 1.28504171398069e-10 -8.3375096021807e-12 -5.72291929878081e-14 -3.46995539255558e-16                0                0                0
    182.56 1.26892117579904e-10 -8.22096564101183e-12 -5.61266472873693e-14 -3.38489234688158e-16                0                0                0
    182.88 1.2530348000098e-10 -8.10628552321538e-12 -5.50473554574416e-14 -3.3025231369738e-16                0                0                0
     183.2 1.23737839523119e-10 -7.99343239869218e-12 -5.39907095299463e-14 -3.22272697162832e-16                0                0                0
    183.52 1.2219478514254e-10 -7.88237018790638e-12 -5.29561168499048e-14 -3.14538719422623e-16                0                0                0
    183.84 1.20673913892009e-10 -7.7730635722753e-12 -5.19429998679379e-14 -3.07039121910914e-16                0                0                0
    184.16 1.19174830742986e-10 -7.66547798455931e-12 -5.09507959327606e-14 -2.99763046795477e-16                0                0                0
    184.48 1.1769714850778e-10 -7.55957959925174e-12 -4.99789570836857e-14 -2.92700030615251e-16                0                0                0
     184.8 1.16240487741693e-10 -7.45533532296869e-12 -4.90269498431166e-14 -2.85839997917896e-16                0                0                0
    185.12 1.14804476645172e-10 -7.352712784839e-12 -4.80942550090501e-14 -2.7917325489735e-16                0                0                0
    185.44 1.13388750965957e-10 -7.25168032689404e-12 -4.71803674475708e-14 -2.72690483031382e-16                0                0                0
    185.76 1.11992953901232e-10 -7.15220699445762e-12 -4.62847958853521e-14 -2.66382732719154e-16                0                0                0
    186.08 1.10616735999773e-10 -7.05426252653587e-12 -4.54070627021535e-14 -2.60241416918767e-16                0                0                0
     186.4 1.09259755064099e-10 -6.95781734620713e-12 -4.45467037233186e-14 -2.54258304784827e-16                0                0                0
    186.72 1.07921676052621e-10 -6.8628425510118e-12 -4.37032680122738e-14 -2.48425515305993e-16                0                0                0
    187.04 1.06602170981788e-10 -6.76930990334223e-12 -4.28763176630259e-14 -2.42735510942537e-16                0                0                0
    187.36 1.05300918828243e-10 -6.67719182083256e-12 -4.20654275926617e-14 -2.37181091263895e-16                0                0                0
    187.68 1.04017605430966e-10 -6.58646136674868e-12 -4.12701853338444e-14 -2.31755386586231e-16                0                0                0
       188 1.02751923393427e-10 -6.49709224037804e-12 -4.04901908273132e-14 -2.26451851609984e-16                0                0                0
    188.32 1.01503571985736e-10 -6.40905876741952e-12 -3.9725056214382e-14 -2.21264259057426e-16                0                0                0
    188.64 1.00272257046788e-10 -6.32233589037335e-12 -3.89744056294353e-14 -2.16186693310223e-16                0                0                0
    188.96 9.90576908864189e-11 -6.23689915893098e-12 -3.82378749924295e-14 -2.11213544046983e-16                0                0                0
    189.28 9.78595921875483e-11 -6.1527247203649e-12 -3.7515111801388e-14 -2.06339499880817e-16                0                0                0
     189.6 9.66776859083338e-11 -6.0697893099186e-12 -3.68057749249026e-14 -2.01559541996893e-16                0                0                0
    189.92 9.55117031843183e-11 -5.98807024119637e-12 -3.61095343946296e-14 -1.96868937789989e-16                0                0                0
    190.24 9.43613812305797e-11 -5.90754539655325e-12 -3.54260711977889e-14 -1.92263234502056e-16                0                0                0
    190.56 9.32264632438805e-11 -5.82819321748483e-12 -3.47550770696621e-14 -1.87738252859764e-16                0                0                0
    190.88 9.2106698304817e-11 -5.74999269501721e-12 -3.40962542860898e-14 -1.83290080712065e-16                0                0                0
     191.2 9.10018412799687e-11 -5.67292336009677e-12 -3.34493154559722e-14 -1.78915066667746e-16                0                0                0
    191.52 8.99116527240481e-11 -5.59696527398017e-12 -3.2813983313765e-14 -1.74609813732986e-16                0                0                0
    191.84 8.88358987820499e-11 -5.52209901862412e-12 -3.21899905119788e-14 -1.70371172948909e-16                0                0                0
    192.16 8.77743510914e-11 -5.44830568707533e-12 -3.15770794136771e-14 -1.66196237029143e-16                0                0                0
    192.48 8.67267866841055e-11 -5.37556687386034e-12 -3.09750018849748e-14 -1.6208233399737e-16                0                0                0
     192.8 8.56929878889041e-11 -5.30386466537542e-12 -3.03835190875359e-14 -1.58027020824892e-16                0                0                0
    193.12 8.46727422334131e-11 -5.23318163027643e-12 -2.98024012710724e-14 -1.54028077068175e-16                0                0                0
    193.44 8.3665842346279e-11 -5.16350080986873e-12 -2.92314275658419e-14 -1.50083498506412e-16                0                0                0
    193.76 8.24621215325275e-11 -5.07348437210399e-12 -2.81739002686609e-14 -1.28936158296423e-16                0                0                0
    194.08 8.14877064773275e-11 -5.00640839352156e-12 -2.7637709564997e-14 -1.25620726408601e-16                0                0                0
     194.4 8.05267103882143e-11 -4.94035409184931e-12 -2.71126256605046e-14 -1.22409588157662e-16                0                0                0
    194.72 7.95789159897575e-11 -4.875303324535e-12 -2.65983917790885e-14 -1.19299130210662e-16                0                0                0
    195.04 7.86441095094302e-11 -4.81123826102207e-12 -2.60947563656293e-14 -1.16285832515534e-16                0                0                0
    195.36 7.77220806431224e-11 -4.74814137957399e-12 -2.56014730283136e-14 -1.13366267146049e-16                0                0                0
    195.68 7.68126225206551e-11 -4.68599546409857e-12 -2.51183004809655e-14 -1.10537097146786e-16                0                0                0
       196 7.5915531671293e-11 -4.62478360097236e-12 -2.46450024853748e-14 -1.07795075378088e-16                0                0                0
    196.32 7.50306079892587e-11 -4.56448917586493e-12 -2.41813477936298e-14 -1.05137043361027e-16                0                0                0
    196.64 7.41576546992463e-11 -4.50509587056325e-12 -2.37271100904456e-14 -1.02559930122369e-16                0                0                0
    196.96 7.32964783219347e-11 -4.44658765979604e-12 -2.3282067935496e-14 -1.00060751039532e-16                0                0                0
    197.28 7.24468886395014e-11 -4.38894880805812e-12 -2.28460047057421e-14 -9.76366066855562e-17                0                0                0
     197.6 7.16086986611357e-11 -4.33216386643469e-12 -2.24187085377644e-14 -9.52846816740582e-17                0                0                0
    197.92 7.0781724588553e-11 -4.27621766942577e-12 -2.19999722700915e-14 -9.30022435042002e-17                0                0                0
    198.24 6.99657857815076e-11 -4.22109533177047e-12 -2.15895933855325e-14 -9.07866414056508e-17                0                0                0
    198.56 6.9160704723307e-11 -4.16678224527137e-12 -2.11873739535045e-14 -8.86353051835475e-17                0                0                0
    198.88 6.83663069863246e-11 -4.11326407561886e-12 -2.07931205723654e-14 -8.65457440634598e-17                0                0                0
     199.2 6.75824211975142e-11 -4.06052675921546e-12 -2.04066443117432e-14 -8.45155455363522e-17                0                0                0
    199.52 6.68088790039232e-11 -4.00855650000021e-12 -2.00277606548666e-14 -8.25423742035475e-17                0                0                0
    199.84 6.6045515038206e-11 -3.95733976627298e-12 -1.96562894408946e-14 -8.06239706216886e-17                0                0                0
    200.16 6.52921668841377e-11 -3.9068632875188e-12 -1.92920548072476e-14 -7.87581501477019e-17                0                0                0
    200.48 6.45486750421278e-11 -3.85711405123225e-12 -1.89348851319379e-14 -7.69428017837603e-17                0                0                0
     200.8 6.38148828947339e-11 -3.80807929974178e-12 -1.8584612975899e-14 -7.51758870222462e-17                0                0                0
    201.12 6.30906366721748e-11 -3.75974652703405e-12 -1.82410750253169e-14 -7.34554386907135e-17                0                0                0
    201.44 6.23757854178446e-11 -3.71210347557826e-12 -1.79041120339599e-14 -7.17795597968514e-17                0                0                0
    201.76 6.16701809538257e-11 -3.66513813315056e-12 -1.75735687655095e-14 -7.01464223734466e-17                0                0                0
    202.08 6.09736778464032e-11 -3.61883872965829e-12 -1.724929393589e-14 -6.85542663233464e-17                0                0                0
     202.4 6.02861333715779e-11 -3.57319373396444e-12 -1.69311401555987e-14 -6.70013982644219e-17                0                0                0
    202.72 5.96074074805798e-11 -3.52819185071189e-12 -1.66189638720378e-14 -6.54861903745304e-17                0                0                0
    203.04 5.8937362765382e-11 -3.48382201714782e-12 -1.63126253118422e-14 -6.40070792364779e-17                0                0                0
    203.36 5.82758644242142e-11 -3.44007339994803e-12 -1.60119884232124e-14 -6.25625646829828e-17                0                0                0
    203.68 5.76227802270762e-11 -3.3969353920413e-12 -1.57169208182431e-14 -6.11512086416385e-17                0                0                0
       204 5.69779804812517e-11 -3.35439760943371e-12 -1.54272937152541e-14 -5.97716339798758e-17                0                0                0
    204.32 5.63413379968214e-11 -3.31244988803301e-12 -1.51429818811205e-14 -5.84225233499261e-17                0                0                0
    204.64 5.57127280521771e-11 -3.27108228047292e-12 -1.48638635736035e-14 -5.71026180337843e-17                0                0                0
    204.96 5.50920283595352e-11 -3.23028505293756e-12 -1.45898204836797e-14 -5.58107167881715e-17                0                0                0
    205.28 5.44791190304499e-11 -3.19004868198569e-12 -1.43207376778727e-14 -5.45456746894981e-17                0                0                0
     205.6 5.38738825413271e-11 -3.15036385137513e-12 -1.40565035405825e-14 -5.33064019788261e-17                0                0                0
    205.92 5.32762036989381e-11 -3.11122144888707e-12 -1.37970097164159e-14 -5.20918629068325e-17                0                0                0
    206.24 5.2685969605933e-11 -3.07261256315042e-12 -1.35421510525176e-14 -5.09010745787721e-17                0                0                0
    206.56 5.21030696263539e-11 -3.03452848046618e-12 -1.32918255408992e-14 -4.97331057994401e-17                0                0                0
    206.88 5.15273953511494e-11 -2.99696068163173e-12 -1.30459342607711e-14 -4.8587075918135e-17                0                0                0
     207.2 5.09588405636872e-11 -2.95990083876522e-12 -1.28043813208713e-14 -4.74621536736214e-17                0                0                0
    207.52 5.03973012052686e-11 -2.92334081212991e-12 -1.25670738017967e-14 -4.63575560390933e-17                0                0                0
    207.84 4.98426753406412e-11 -2.88727264695848e-12 -1.23339216983334e-14 -4.52725470671365e-17                0                0                0
    208.16 4.92948631235132e-11 -2.85168857027742e-12 -1.21048378617865e-14 -4.42064367346913e-17                0                0                0
    208.48 4.87537667620663e-11 -2.81658098773134e-12 -1.18797379423106e-14 -4.31585797880159e-17                0                0                0
     208.8 4.82192904844702e-11 -2.78194248040733e-12 -1.16585403312405e-14 -4.21283745876489e-17                0                0                0
    209.12 4.76913405043953e-11 -2.74776580165931e-12 -1.14411661034211e-14 -4.11152619533723e-17                0                0                0
    209.44 4.71698249865266e-11 -2.71404387393235e-12 -1.12275389595378e-14 -4.0118724009174e-17                0                0                0
    209.76 4.65843482988211e-11 -2.67406094714024e-12 -1.08846123879e-14 -3.60905899209269e-17                0                0                0
    210.08 4.60775753367178e-11 -2.64143229988973e-12 -1.06823110678361e-14 -3.52186396270662e-17                0                0                0
     210.4 4.55771955937592e-11 -2.60925942390973e-12 -1.04839646973866e-14 -3.43716092682139e-17                0                0                0
    210.72 4.50831148728962e-11 -2.57753494910308e-12 -1.02894883290796e-14 -3.35487089058815e-17                0                0                0
    211.04 4.45952403843608e-11 -2.54625162315451e-12 -1.00987986506739e-14 -3.27491680349892e-17                0                0                0
    211.36 4.41134807323963e-11 -2.51540231037959e-12 -9.91181396761809e-15 -3.19722353485779e-17                0                0                0
    211.68 4.36377459019891e-11 -2.48497999057369e-12 -9.72845418551039e-15 -3.12171785025217e-17                0                0                0
       212 4.31679472455986e-11 -2.45497775786101e-12 -9.54864079255845e-15 -3.04832838802392e-17                0                0                0
    212.32 4.27039974698882e-11 -2.42538881954347e-12 -9.37229684203831e-15 -2.97698563574066e-17                0                0                0
    212.64 4.22458106224568e-11 -2.39620649494977e-12 -9.19934693475432e-15 -2.90762190666689e-17                0                0                0
    212.96 4.17933020785686e-11 -2.3674242142843e-12 -9.02971720149894e-15 -2.84017131623524e-17                0                0                0
    213.28 4.13463885278849e-11 -2.33903551747617e-12 -8.8633352855118e-15 -2.7745697585177e-17                0                0                0
     213.6 4.0904987961194e-11 -2.3110340530281e-12 -8.70013032493986e-15 -2.71075488269677e-17                0                0                0
    213.92 4.04690196571428e-11 -2.28341357686548e-12 -8.54003293529607e-15 -2.64866606953673e-17                0                0                0
    214.24 4.00384041689672e-11 -2.25616795118531e-12 -8.38297519192014e-15 -2.5882444078548e-17                0                0                0
    214.56 3.96130633112229e-11 -2.22929114330516e-12 -8.22889061243703e-15 -2.52943267099239e-17                0                0                0
    214.88 3.91929201465163e-11 -2.20277722451216e-12 -8.07771413921711e-15 -2.47217529328629e-17                0                0                0
     215.2 3.87778989722356e-11 -2.17662036891196e-12 -7.92938212183554e-15 -2.41641834653985e-17                0                0                0
    215.52 3.83679253072812e-11 -2.15081485227773e-12 -7.78383229953184e-15 -2.36210951649427e-17                0                0                0
    215.84 3.79629258787966e-11 -2.12535505089911e-12 -7.64100378366963e-15 -2.3091980792997e-17                0                0                0
    216.16 3.75628286088995e-11 -2.10023544043119e-12 -7.50083704019584e-15 -2.25763487798656e-17                0                0                0
    216.48 3.71675626014122e-11 -2.07545059474348e-12 -7.36327387210065e-15 -2.20737229893665e-17                0                0                0
     216.8 3.67770581285928e-11 -2.05099518476889e-12 -7.22825740187685e-15 -2.15836424835445e-17                0                0                0
    217.12 3.63912466178658e-11 -2.02686397735271e-12 -7.09573205397928e-15 -2.11056612873824e-17                0                0                0
    217.44 3.6010060638553e-11 -2.00305183410156e-12 -6.96564353728495e-15 -2.06393481535139e-17                0                0                0
    217.76 3.56334338886042e-11 -1.97955371023238e-12 -6.83793882755171e-15 -2.0184286326935e-17                0                0                0
    218.08 3.52613011813283e-11 -1.95636465342142e-12 -6.71256614987873e-15 -1.97400733097167e-17                0                0                0
     218.4 3.48935984321237e-11 -1.93347980265318e-12 -6.58947496116548e-15 -1.93063206257168e-17                0                0                0
    218.72 3.45302626452096e-11 -1.91089438706941e-12 -6.46861593257166e-15 -1.88826535852916e-17                0                0                0
    219.04 3.41712319003564e-11 -1.88860372481806e-12 -6.34994093197624e-15 -1.8468711050009e-17                0                0                0
    219.36 3.38164453396168e-11 -1.86660322190227e-12 -6.23340300643772e-15 -1.80641451973594e-17                0                0                0
    219.68 3.34658431540564e-11 -1.84488837102935e-12 -6.11895636465316e-15 -1.76686212854688e-17                0                0                0
       220 3.31193665704847e-11 -1.82345475045975e-12 -6.0065563594179e-15 -1.72818174178103e-17                0                0                0
    220.32 3.27769578381858e-11 -1.802298022856e-12 -5.89615947008532e-15 -1.69034243079162e-17                0                0                0
    220.64 3.24385602156492e-11 -1.78141393413173e-12 -5.78772328502612e-15 -1.65331450440905e-17                0                0                0
    220.96 3.21041179573011e-11 -1.76079831230063e-12 -5.68120648408801e-15 -1.61706948541207e-17                0                0                0
    221.28 3.17735763002342e-11 -1.74044706632541e-12 -5.57656882105546e-15 -1.58158008699897e-17                0                0                0
     221.6 3.14468814509395e-11 -1.72035618496678e-12 -5.47377110610866e-15 -1.54682018925885e-17                0                0                0
    221.92 3.11239805720366e-11 -1.70052173563244e-12 -5.37277518828401e-15 -1.51276481564274e-17                0                0                0
    222.24 3.08048217690048e-11 -1.68093986322602e-12 -5.27354393793287e-15 -1.47939010943492e-17                0                0                0
    222.56 3.04893540769138e-11 -1.66160678899609e-12 -5.17604122918151e-15 -1.44667331022403e-17                0                0                0
    222.88 3.01775274471541e-11 -1.64251880938511e-12 -5.08023192239064e-15 -1.41459273037431e-17                0                0                0
     223.2 2.98692927341688e-11 -1.62367229487841e-12 -4.98608184661495e-15 -1.38312773149686e-17                0                0                0
    223.52 2.95646016821834e-11 -1.60506368885317e-12 -4.89355778206255e-15 -1.35225870092076e-17                0                0                0
    223.84 2.92634069119373e-11 -1.58668950642738e-12 -4.80262744255487e-15 -1.32196702816436e-17                0                0                0
    224.16 2.89656619074142e-11 -1.56854633330882e-12 -4.71325945798583e-15 -1.29223508140644e-17                0                0                0
    224.48 2.86713210025732e-11 -1.55063082464404e-12 -4.62542335678162e-15 -1.26304618395744e-17                0                0                0
     224.8 2.83803393680795e-11 -1.53293970386734e-12 -4.53908954836026e-15 -1.23438459073065e-17                0                0                0
    225.12 2.80926729980354e-11 -1.51546976154972e-12 -4.45422930559119e-15 -1.20623546471345e-17                0                0                0
    225.44 2.78082786967105e-11 -1.49821785424785e-12 -4.37081474725466e-15 -1.17858485343849e-17                0                0                0
    225.76 2.75013581964338e-11 -1.47886068509494e-12 -4.24978672893206e-15 -1.09102580434706e-17                0                0                0
    226.08 2.72241661411192e-11 -1.46210634932071e-12 -4.17037210572444e-15 -1.06617337724227e-17                0                0                0
     226.4 2.69502029536764e-11 -1.4455683588022e-12 -4.09244817315208e-15 -1.04197415596092e-17                0                0                0
    226.72 2.66794249485452e-11 -1.42924349841983e-12 -4.01598480588432e-15 -1.01840905457622e-17                0                0                0
    227.04 2.64117890479642e-11 -1.4131286010309e-12 -3.94095243066134e-15 -9.9545943510798e-18                0                0                0
    227.36 2.61472527764744e-11 -1.39722054701885e-12 -3.86732202053291e-15 -9.73107102219782e-18                0                0                0
    227.68 2.58857742554228e-11 -1.38151626384237e-12 -3.79506508909725e-15 -9.51334297916212e-18                0                0                0
       228 2.56273121974658e-11 -1.36601272558463e-12 -3.72415368474013e-15 -9.30123696240019e-18                0                0                0
    228.32 2.5371825901073e-11 -1.35070695250241e-12 -3.65456038487345e-15 -9.09458397969328e-18                0                0                0
    228.64 2.51192752450305e-11 -1.33559601057534e-12 -3.58625829017431e-15 -8.89321925314823e-18                0                0                0
    228.96 2.48696206829446e-11 -1.32067701105506e-12 -3.51922101882394e-15 -8.69698216616955e-18                0                0                0
    229.28 2.46228232377456e-11 -1.30594711001438e-12 -3.45342270074638e-15 -8.50571621043117e-18                0                0                0
     229.6 2.43788444961907e-11 -1.29140350789647e-12 -3.3888379718476e-15 -8.31926893284853e-18                0                0                0
    229.92 2.41376466033683e-11 -1.27704344906408e-12 -3.32544196825406e-15 -8.13749188255042e-18                0                0                0
    230.24 2.38991922572013e-11 -1.26286422134865e-12 -3.26321032055202e-15 -7.96024055785102e-18                0                0                0
    230.56 2.36634447029503e-11 -1.24886315559958e-12 -3.20211914802594e-15 -7.78737435322174e-18                0                0                0
    230.88 2.34303677277178e-11 -1.23503762523332e-12 -3.14214505289785e-15 -7.61875650626321e-18                0                0                0
     231.2 2.31999256549512e-11 -1.22138504578263e-12 -3.08326511456579e-15 -7.45425404467716e-18                0                0                0
    231.52 2.29720833389467e-11 -1.20790287444571e-12 -3.02545688384302e-15 -7.2937377332385e-18                0                0                0
    231.84 2.27468061593529e-11 -1.1945886096354e-12 -2.96869837719668e-15 -7.13708202076708e-18                0                0                0
    232.16 2.25240600156741e-11 -1.18143979052837e-12 -2.91296807098682e-15 -6.98416498709973e-18                0                0                0
    232.48 2.23038113217739e-11 -1.16845399661428e-12 -2.85824489570519e-15 -6.83486829006217e-18                0                0                0
     232.8 2.20860270003791e-11 -1.15562884724498e-12 -2.80450823021415e-15 -6.689077112441e-18                0                0                0
    233.12 2.18706744775828e-11 -1.14296200118369e-12 -2.75173789598563e-15 -6.54668010895553e-18                0                0                0
    233.44 2.16577216773484e-11 -1.13045115615417e-12 -2.69991415133978e-15 -6.40756935322983e-18                0                0                0
    233.76 2.14471370160127e-11 -1.11809404838991e-12 -2.64901768568415e-15 -6.27164028476459e-18                0                0                0
    234.08 2.12388893967899e-11 -1.10588845218332e-12 -2.59902961375233e-15 -6.13879165590909e-18                0                0                0
     234.4 2.1032948204275e-11 -1.09383217943489e-12 -2.54993146984301e-15 -6.00892547883317e-18                0                0                0
    234.72 2.08292832989473e-11 -1.08192307920239e-12 -2.50170520205871e-15 -5.88194697249909e-18                0                0                0
    235.04 2.06278650116739e-11 -1.07015903725004e-12 -2.45433316654469e-15 -5.75776450963354e-18                0                0                0
    235.36 2.04286641382134e-11 -1.0585379755977e-12 -2.4077981217281e-15 -5.63628956369952e-18                0                0                0
    235.68 2.02316519337197e-11 -1.04705785207006e-12 -2.36208322255628e-15 -5.51743665586836e-18                0                0                0
       236 2.0036800107245e-11 -1.03571665984579e-12 -2.31717201473629e-15 -5.40112330199154e-18                0                0                0
    236.32 1.98440808162437e-11 -1.02451242700675e-12 -2.27304842897334e-15 -5.28726995957275e-18                0                0                0
    236.64 1.96534666610761e-11 -1.01344321608717e-12 -2.22969677520983e-15 -5.17579997473974e-18                0                0                0
    236.96 1.94649306795116e-11 -1.00250712362282e-12 -2.18710173686429e-15 -5.0666395292163e-18                0                0                0
    237.28 1.92784463412325e-11 -9.91702279700185e-13 -2.14524836507012e-15 -4.95971758729419e-18                0                0                0
     237.6 1.90939875423376e-11 -9.81026847505679e-13 -2.1041220729146e-15 -4.85496584280506e-18                0                0                0
    237.92 1.89115285998457e-11 -9.70479022874793e-13 -2.06370862967769e-15 -4.75231866609243e-18                0                0                0
    238.24 1.8731044246199e-11 -9.60057033841295e-13 -2.02399415507098e-15 -4.6517130509836e-18                0                0                0
    238.56 1.85525096237669e-11 -9.497591401864e-13 -1.98496511347638e-15 -4.55308856176156e-18                0                0                0
    238.88 1.83759002793494e-11 -9.39583632987962e-13 -1.94660830818538e-15 -4.45638728013699e-18                0                0                0
     239.2 1.82011921586809e-11 -9.2952883416965e-13 -1.90891087563758e-15 -4.36155375222014e-18                0                0                0
    239.52 1.80283616009335e-11 -9.19593096050133e-13 -1.87186027965966e-15 -4.26853493549283e-18                0                0                0
    239.84 1.78573853332206e-11 -9.09774800892255e-13 -1.83544430570432e-15 -4.17728014578032e-18                0                0                0
    240.16 1.76882404651007e-11 -9.00072360452226e-13 -1.79965105508912e-15 -4.08774100422329e-18                0                0                0
    240.48 1.75209044830806e-11 -8.90484215528793e-13 -1.76446893923538e-15 -3.99987138424976e-18                0                0                0
     240.8 1.73553552451192e-11 -8.81008835512434e-13 -1.72988667390713e-15 -3.91362735854707e-18                0                0                0
    241.12 1.71915709751312e-11 -8.71644717934527e-13 -1.6958932734498e-15 -3.82896714603375e-18                0                0                0
    241.44 1.70295302574903e-11 -8.62390388016542e-13 -1.66247804502931e-15 -3.74585105883151e-18                0                0                0
    241.76 3.31897501162135e-11 -9.8965904904497e-13 -1.61625417711331e-14 -3.74427839053226e-18                0                0                0
    242.08 3.25340115558381e-11 -9.76464800683366e-13 -1.5687580789543e-14 -3.66170167999201e-18                0                0                0
     242.4 3.18282107472894e-11 -9.62943579681223e-13 -1.5167091544222e-14 -3.58030830590875e-18                0                0                0
    242.72 3.10746074599977e-11 -9.49113073126125e-13 -1.46030945425366e-14 -3.50007760320936e-18                0                0                0
    243.04 3.02755479891182e-11 -9.34991713980746e-13 -1.39976873077222e-14 -3.42099115757817e-18                0                0                0
    243.36 2.94334602247346e-11 -9.20598639464079e-13 -1.33530399873014e-14 -3.34303272827499e-18                0                0                0
    243.68 2.85508487210635e-11 -9.0595364943267e-13 -1.26713909615025e-14 -3.26618817095304e-18                0                0                0
       244 2.7630289765657e-11 -8.91077164761854e-13 -1.19550424516784e-14 -3.19044536047688e-18                0                0                0
    244.32 2.6674426448607e-11 -8.75990185726984e-13 -1.12063561287252e-14 -3.11579411374043e-18                0                0                0
    244.64 2.56859637317489e-11 -8.60714250384668e-13 -1.04277487215006e-14 -3.04222611248484e-18                0                0                0
    244.96 2.46676635178653e-11 -8.45271392954004e-13 -9.62168762524324e-15 -2.96973482611657e-18                0                0                0
    245.28 2.36223397198891e-11 -8.29684102197809e-13 -8.79068650999066e-15 -2.89831543452523e-18                0                0                0
     245.6 2.25528533301081e-11 -8.13975279803856e-13 -7.93730092899836e-15 -2.82796475090161e-18                0                0                0
    245.92 2.14621074893677e-11 -7.98168198766103e-13 -7.06412392715825e-15 -2.7586811445556e-18                0                0                0
    246.24 2.03530425562755e-11 -7.82286461765936e-13 -6.17378164941769e-15 -2.69046446373421e-18                0                0                0
    246.56 1.92286311764045e-11 -7.66353959553392e-13 -5.26892894919771e-15 -2.62331595843943e-18                0                0                0
    246.88 1.80918733514966e-11 -7.503948293284e-13 -4.35224499681192e-15 -2.55723820324629e-18                0                0                0
     247.2 1.69457915086666e-11 -7.34433413122007e-13 -3.42642888788499e-15 -2.49223502012075e-18                0                0                0
    247.52 1.57934255696061e-11 -7.18494216177623e-13 -2.49419525177187e-15 -2.42831140123769e-18                0                0                0
    247.84 1.46378280197864e-11 -7.02601865332243e-13 -1.55826985997565e-15 -2.36547343179887e-18                0                0                0
    248.16 1.34820589776629e-11 -6.86781067397687e-13 -6.21385234566808e-16 -2.30372821285086e-18                0                0                0
    248.48 1.23291812638784e-11 -6.7105656754183e-13 3.13723743398443e-16 -2.24308378410303e-18                0                0                0
     248.8 1.11822554704673e-11 -6.55453107669841e-13 1.244324225459e-15 -2.18354904674551e-18                0                0                0
    249.12 1.00443350300584e-11 -6.39995384805412e-13 2.1676897873309e-15 -2.12513368626713e-18                0                0                0
    249.44 8.91846128507935e-12 -6.2470800947199e-13 3.08110482048812e-15 -2.06784809527336e-18                0                0                0
    249.76 7.80765855695979e-12 -6.09615464074014e-13 3.9818689237442e-15 -2.01170329630433e-18                0                0                0
    250.08 6.71492921533568e-12 -5.94742061278152e-13 4.86730129483322e-15 -1.95671086465273e-18                0                0                0
     250.4 5.64324874725227e-12 -5.80111902394524e-13 5.73474512199155e-15 -1.90288285118182e-18                0                0                0
    250.72 4.59556082636819e-12 -5.65748835757947e-13 6.58157197553899e-15 -1.85023170514333e-18                0                0                0
    251.04 3.57477238215903e-12 -5.51676415109161e-13 7.40518619946009e-15 -1.79877019699546e-18                0                0                0
    251.36 2.58374866912095e-12 -5.37917857976064e-13 8.20302930298548e-15 -1.74851134122084e-18                0                0                0
    251.68 1.62530833597467e-12 -5.24496004054949e-13 8.97258435217312e-15 -1.69946831914446e-18                0                0                0
       252 7.02218494868665e-13 -5.11433273591734e-13 9.71138036148987e-15 -1.65165440175166e-18                0                0                0
    252.32 -1.82810209416824e-13 -4.98751625763197e-13 1.04169966853927e-14 -1.60508287250606e-18                0                0                0
    252.64 -1.02712853026628e-12 -4.86472517058207e-13 1.10870674099099e-14 -1.55976695016756e-18                0                0                0
    252.96 -1.8281535500249e-12 -4.74616859658964e-13 1.17192857442224e-14 -1.51571971161024e-18                0                0                0
    253.28 -2.58337361079543e-12 -4.63204979822225e-13 1.23114084122455e-14 -1.47295401464039e-18                0                0                0
     253.6 -3.29035324523411e-12 -4.52256576260543e-13 1.28612600442098e-14 -1.43148242081438e-18                0                0                0
    253.92 -3.94673810734717e-12 -4.41790678523495e-13 1.33667375682426e-14 -1.39131711825672e-18                0                0                0
    254.24 -4.5502599032869e-12 -4.31825605378925e-13 1.38258146019491e-14 -1.35246984447794e-18                0                0                0
    254.56 -5.09874132214837e-12 -4.22378923194165e-13 1.42365458439944e-14 -1.31495180919258e-18                0                0                0
    254.88 -5.59010096676544e-12 -4.13467404317281e-13 1.45970714656838e-14 -1.27877361713715e-18                0                0                0
     255.2 -6.02235828450722e-12 -4.05106985458296e-13 1.4905621502545e-14 -1.24394519088808e-18                0                0                0
    255.52 -6.39363849807426e-12 -3.97312726070431e-13 1.51605202459089e-14 -1.21047569367969e-18                0                0                0
    255.84 -6.70217753629505e-12 -3.90098766731335e-13 1.53601906344914e-14 -1.17837345222215e-18                0                0                0
    256.16 -6.94632696492224e-12 -3.8347828752432e-13 1.55031586459742e-14 -1.14764587951939e-18                0                0                0
    256.48 -7.1245589174289e-12 -3.77463466419594e-13 1.55880576885864e-14 -1.11829939768716e-18                0                0                0
     256.8 -7.235471025805e-12 -3.72065437655493e-13 1.5613632992686e-14 -1.09033936077088e-18                0                0                0
    257.12 -7.2777913513536e-12 -3.67294250119718e-13 1.5578746002341e-14 -1.06376997756368e-18                0                0                0
    257.44 -7.25038331548723e-12 -3.63158825730566e-13 1.54823787669107e-14 -1.03859423442429e-18                0                0                0
    257.76 -1.05111481862461e-10 4.63215641576883e-13 1.02600605143161e-13 2.91168639208749e-19                0                0                0
    258.08 -1.01957944133281e-10 4.40992561507577e-13 9.97202794243141e-14 2.73773311177488e-19                0                0                0
     258.4 -9.84215536616462e-11 4.15505211868491e-13 9.64994787657671e-14 2.50842921425639e-19                0                0                0
    258.72 -9.45154484356565e-11 3.86864542374805e-13 9.29499031782652e-14 2.22562576418928e-19                0                0                0
    259.04 -9.02534438041305e-11 3.55187183648742e-13 8.90838561667323e-14 1.89125888180014e-19                0                0                0
    259.36 -8.56500078447353e-11 3.20595240504369e-13 8.49142227829366e-14 1.50734657344081e-19                0                0                0
    259.68 -8.07202367321208e-11 2.83216085232452e-13 8.04544476781605e-14 1.0759855621448e-19                0                0                0
       260 -7.54798301060505e-11 2.43182150885289e-13 7.57185131558688e-14 5.99348118183416e-20                0                0                0
    260.32 -6.99450664395338e-11 2.00630724561544e-13 7.07209172243765e-14 7.96788896220018e-21                0                0                0
    260.64 -6.41327784069578e-11 1.55703740691085e-13 6.54766516495174e-14 -4.80708267123853e-20                0                0                0
    260.96 -5.80603282522193e-11 1.08547574319816e-13 6.00011800073119e-14 -1.07943345673211e-19                0                0                0
    261.28 -5.17455831568555e-11 5.93128343945086e-14 5.43104157366346e-14 -1.71405391441817e-19                0                0                0
     261.6 -4.52068906081803e-11 8.15415704766666e-15 4.84207001918864e-14 -2.38206717537821e-19                0                0                0
    261.92 -3.84630537674098e-11 -4.47700011176844e-14 4.23487806956565e-14 -3.08091424423367e-19                0                0                0
    262.24 -3.15333068377984e-11 -9.92975697431309e-14 3.6111788591395e-14 -3.80798276447454e-19                0                0                0
    262.56 -2.44372904327698e-11 -1.55263071430043e-13 2.97272172960797e-14 -4.56061018790332e-19                0                0                0
    262.88 -1.71950269440487e-11 -2.12497828454737e-13 2.32129003528847e-14 -5.33608694407877e-19                0                0                0
     263.2 -9.8268959097931e-12 -2.70830169483644e-13 1.65869894838484e-14 -6.13165960975968e-19                0                0                0
    263.52 -2.35360938272567e-12 -3.30085636288471e-13 9.8679326425418e-15 -6.94453407834873e-19                0                0                0
    263.84 5.20381270173522e-12 -3.90087190461375e-13 3.07445206673536e-15 -7.77187872933636e-19                0                0                0
    264.16 1.28240671573384e-11 -4.50655420130088e-13 -3.77447766892776e-15 -8.61082759774395e-19                0                0                0
    264.48 2.0485592178876e-11 -5.11608746673144e-13 -1.06596516002707e-14 -9.45848354356859e-19                0                0                0
     264.8 2.81665919740462e-11 -5.72763631434998e-13 -1.75616563209102e-14 -1.03119214212262e-18                0                0                0
    265.12 3.58450613953227e-11 -6.33934782441206e-13 -2.4460891929589e-14 -1.11681912489954e-18                0                0                0
    265.44 4.34988105718225e-11 -6.94935361113585e-13 -3.13375939775084e-14 -1.20243213784614e-18                0                0                0
    265.76 5.11054895411745e-11 -7.55577188985379e-13 -3.81718554156591e-14 -1.287732166396e-18                0                0                0
    266.08 5.86426128813871e-11 -8.15670954416423e-13 -4.49436485421539e-14 -1.37241866320208e-18                0                0                0
     266.4 6.60875843427167e-11 -8.7502641930831e-13 -5.16328469495589e-14 -1.45618986508114e-18                0                0                0
    266.72 7.34177214795365e-11 -9.33452625819561e-13 -5.82192474722266e-14 -1.53874310995816e-18                0                0                0
    267.04 8.06102802822001e-11 -9.90758103080751e-13 -6.46825921336231e-14 -1.61977515381058e-18                0                0                0
    267.36 8.76424798089169e-11 -1.04675107390973e-12 -7.10025900936667e-14 -1.69898248761284e-18                0                0                0
    267.68 9.44915268176151e-11 -1.10123966152677e-12 -7.71589395960554e-14 -1.77606165428066e-18                0                0                0
       268 1.01134640397811e-10 -1.15403209626968e-12 -8.31313499155992e-14 -1.85070956561547e-18                0                0                0
    268.32 1.07549076602478e-10 -1.20493692230906e-12 -8.88995633055526e-14 -1.92262381924873e-18                0                0                0
    268.64 1.13712153079912e-10 -1.25376320436339e-12 -9.4443376944946e-14 -1.99150301558638e-18                0                0                0
    268.96 1.19601273705604e-10 -1.30032073441421e-12 -9.97426648859171e-14 -2.05704707475316e-18                0                0                0
    269.28 1.25193953214103e-10 -1.34442023842132e-12 -1.04777400001045e-13 -2.11895755353703e-18                0                0                0
     269.6 1.30467841830888e-10 -1.38587358303789e-12 -1.09527675930675e-13 -2.17693796233349e-18                0                0                0
    269.92 1.35400749904233e-10 -1.42449398232568e-12 -1.13973729030262e-13 -2.23069408209005e-18                0                0                0
    270.24 1.39970672537081e-10 -1.46009620447016e-12 -1.18095960317692e-13 -2.27993428125052e-18                0                0                0
    270.56 1.44155814218902e-10 -1.49249677849572e-12 -1.21874957420618e-13 -2.32436983269945e-18                0                0                0
    270.88 1.47934613457572e-10 -1.52151420098076e-12 -1.25291516523793e-13 -2.36371523070649e-18                0                0                0
     271.2 1.51285767411234e-10 -1.54696914277294e-12 -1.28326664316397e-13 -2.39768850787073e-18                0                0                0
    271.52 1.54188256520166e-10 -1.56868465570428e-12 -1.30961679939375e-13 -2.42601155206514e-18                0                0                0
    271.84 1.56621369138656e-10 -1.58648637930638e-12 -1.33178116932766e-13 -2.44841042338093e-18                0                0                0
    272.16 1.58564726166862e-10 -1.60020274752552e-12 -1.34957825183031e-13 -2.46461567107188e-18                0                0                0
    272.48 1.59998305682682e-10 -1.60966519543787e-12 -1.36282972870393e-13 -2.47436265049881e-18                0                0                0
     272.8 1.60902467573627e-10 -1.61470836596465e-12 -1.37136068416159e-13 -2.47739184007387e-18                0                0                0
    273.12 1.61257978168684e-10 -1.61517031658728e-12 -1.37499982430062e-13 -2.47344915820497e-18                0                0                0
    273.44 1.61046034870185e-10 -1.61089272606255e-12 -1.37357969657584e-13 -2.46228628024014e-18                0                0                0
    273.76 1.60248290785677e-10 -1.6017211011378e-12 -1.36693690927293e-13 -2.44366095541193e-18                0                0                0
    274.08 1.58846879359787e-10 -1.58750498326604e-12 -1.35491235098174e-13 -2.41733732378175e-18                0                0                0
     274.4 1.56824439006094e-10 -1.56809815532117e-12 -1.33735141006957e-13 -2.38308623318429e-18                0                0                0
    274.72 1.54164137738993e-10 -1.54335884831311e-12 -1.31410419415456e-13 -2.34068555617187e-18                0                0                0
    275.04 1.50849697805566e-10 -1.51314994810296e-12 -1.28502574957893e-13 -2.28992050695883e-18                0                0                0
    275.36 1.46865420317449e-10 -1.47733920211821e-12 -1.24997628088235e-13 -2.23058395836592e-18                0                0                0
    275.68 1.42196209882701e-10 -1.43579942606784e-12 -1.20882137027524e-13 -2.16247675876464e-18                0                0                0
       276 1.36827599237669e-10 -1.38840871065753e-12 -1.16143219711209e-13 -2.08540804902167e-18                0                0                0
    276.32 1.30745773878861e-10 -1.3350506283048e-12 -1.10768575736477e-13 -1.99919557944321e-18                0                0                0
    276.64 1.2393759669481e-10 -1.27561443985419e-12 -1.04746508309587e-13 -1.90366602671939e-18                0                0                0
    276.96 1.16390632597944e-10 -1.20999530129243e-12 -9.80659461931986e-14 -1.7986553108686e-18                0                0                0
    277.28 1.08093173156451e-10 -1.13809447046356e-12 -9.0716465653705e-14 -1.68400891218192e-18                0                0                0
     277.6 9.90342612261555e-11 -1.05981951378418e-12 -8.26883124085691e-14 -1.5595821881675e-18                0                0                0
    277.92 8.92037155823765e-11 -9.75084512958519e-13 -7.39724235736473e-14 -1.42524069049488e-18                0                0                0
    278.24 7.85921555518003e-11 -8.83810271693651e-13 -6.45604496105271e-14 -1.28086048193942e-18                0                0                0
    278.56 6.71910256443486e-11 -7.85924522414657e-13 -5.44447762738566e-14 -1.12632845332668e-18                0                0                0
    278.88 5.49926201850463e-11 -6.81362132979779e-13 -4.36185465586775e-14 -9.61542640476756e-19                0                0                0
     279.2 4.19901079458891e-11 -5.70065313395589e-13 -3.20756826477557e-14 -7.86412541148708e-19                0                0                0
    279.52 2.8177556777712e-11 -4.51983822532153e-13 -1.9810907858914e-14 -6.00859431984908e-19                0                0                0
    279.84 1.35499582420548e-11 -3.27075174838169e-13 -6.81976859236091e-15 -4.04816685455396e-19                0                0                0
    280.16 -1.89674775695981e-12 -1.95304847056228e-13 6.90134372196779e-15 -1.98230086802395e-19                0                0                0
    280.48 -1.81656483407731e-11 -5.66464849378383e-14 2.13551706770914e-14 1.89418490155195e-20                0                0                0
     280.8 -3.52588330245125e-11 8.89178900413169e-14 3.65435649416434e-14 2.46727560378899e-19                0                0                0
    281.12 -5.31773690851257e-11 2.41397673966241e-13 5.24674683125416e-14 4.85142122063083e-19                0                0                0
    281.44 -7.19212769295128e-11 4.00793473767457e-13 6.91268897676567e-14 7.34186928293814e-19                0                0                0
    281.76 -9.1489505462658e-11 5.67096900505846e-13 8.65208835184806e-14 9.93849375802865e-19                0                0                0
    282.08 -1.11879907455762e-10 7.40290362657478e-13 1.04647527062794e-13 1.26410254688366e-18                0                0                0
     282.4 -1.33089214914376e-10 9.20346859398486e-13 1.23503899237339e-13 1.54490489244693e-18                0                0                0
    282.72 -1.55113014446523e-10 1.10722977388977e-12 1.43086058270473e-13 1.83619991507617e-18                0                0                0
    283.04 -1.77945722630845e-10 1.30089266656202e-12 1.63389019834856e-13 2.13791585208351e-18                0                0                0
    283.36 -2.01580561384727e-10 1.50127906840043e-12 1.8440673510011e-13 2.4499653585652e-18                0                0                0
    283.68 -2.26009533332429e-10 1.70832227422958e-12 2.06132068785483e-13 2.7722451904572e-18                0                0                0
       284 -2.51223397173218e-10 1.92194513599822e-12 2.28556777212526e-13 3.10463588759088e-18                0                0                0
    284.32 -2.77211643049501e-10 2.14205985606418e-12 2.51671486357753e-13 3.4470014567486e-18                0                0                0
    284.64 -3.03962467914957e-10 2.36856778047915e-12 2.75465669905315e-13 3.79918905471933e-18                0                0                0
    284.96 -3.31462750902668e-10 2.60135919227354e-12 2.99927627299665e-13 4.16102867135429e-18                0                0                0
    285.28 -3.59698028693257e-10 2.84031310474132e-12 3.25044461798234e-13 4.53233281262263e-18                0                0                0
     285.6 -3.88652470882996e-10 3.08529705472477e-12 3.50802058524076e-13 4.91289618366678e-18                0                0                0
    285.92 -4.18308855351976e-10 3.33616689589948e-12 3.7718506251857e-13 5.30249537185845e-18                0                0                0
    286.24 -4.4864854363221e-10 3.59276659205906e-12 4.04176856794062e-13 5.70088852985405e-18                0                0                0
    286.56 -4.79651456275776e-10 3.85492801040001e-12 4.31759540386547e-13 6.10781505865031e-18                0                0                0
    286.88 -5.11296048222947e-10 4.12247071480656e-12 4.5991390640833e-13 6.52299529063993e-18                0                0                0
     287.2 -5.43559284170323e-10 4.39520175913552e-12 4.88619420100695e-13 6.94613017266721e-18                0                0                0
    287.52 -5.7641661393896e-10 4.67291548050106e-12 5.1785419688658e-13 7.37690094908365e-18                0                0                0
    287.84 -6.09841947842514e-10 4.95539329255967e-12 5.47594980423239e-13 7.81496884480367e-18                0                0                0
    288.16 -6.43807632055345e-10 5.24240347879474e-12 5.77817120654902e-13 8.25997474835988e-18                0                0                0
    288.48 -6.78284423980683e-10 5.53370098580172e-12 6.08494551865463e-13 8.71153889495925e-18                0                0                0
     288.8 -7.13241467618741e-10 5.82902721657275e-12 6.39599770731136e-13 9.1692605495383e-18                0                0                0
    289.12 -7.4864626893485e-10 6.12810982378155e-12 6.71103814373123e-13 9.63271768981894e-18                0                0                0
    289.44 -7.84464671227589e-10 6.43066250306824e-12 7.02976238410286e-13 1.0101466689364e-17                0                0                0
    289.76 -8.20660830496922e-10 6.73638478632422e-12 7.35185095011812e-13 1.05750420006327e-17                0                0                0
    290.08 -8.57197190812326e-10 7.04496183497693e-12 7.67696910949882e-13 1.10529558380368e-17                0                0                0
     290.4 -8.9403445968093e-10 7.35606423327481e-12 8.00476665652348e-13 1.15346978609956e-17                0                0                0
    290.72 -9.31131583415621e-10 7.6693477815719e-12 8.33487769255375e-13 1.20197348569918e-17                0                0                0
    291.04 -9.68445722503217e-10 7.98445328961296e-12 8.66692040656143e-13 1.25075104246272e-17                0                0                0
    291.36 -1.00593222697257e-09 8.30100636981816e-12 9.00049685565495e-13 1.29974446566784e-17                0                0                0
    291.68 -1.04354461176271e-09 8.6186172305679e-12 9.33519274560611e-13 1.34889338231521e-17                0                0                0
       292 -1.08123453209096e-09 8.93688046948769e-12 9.67057721137672e-13 1.39813500543409e-17                0                0                0
    292.32 -1.11895175882109e-09 9.25537486673299e-12 1.00062025976453e-12 1.44740410238791e-17                0                0                0
    292.64 -1.15664415383144e-09 9.57366317827401e-12 1.03416042393339e-12 1.49663296317981e-17                0                0                0
    292.96 -1.19425764538306e-09 9.89129192918056e-12 1.06763002421345e-12 1.5457513687582e-17                0                0                0
    293.28 -1.23173620348781e-09 1.0207791206907e-11 1.10097912630359e-12 1.59468655932234e-17                0                0                0
     293.6 -1.26902181527654e-09 1.05226744545766e-11 1.13415602908504e-12 1.64336320262786e-17                0                0                0
    293.92 -1.30605446036716e-09 1.08354382642673e-11 1.16710724267403e-12 1.69170336229239e-17                0                0                0
    294.24 -1.34277208623286e-09 1.11455621702955e-11 1.19977746647449e-12 1.73962646610108e-17                0                0                0
    294.56 -1.37911058357016e-09 1.14525084425016e-11 1.23210956723068e-12 1.78704927431216e-17                0                0                0
    294.88 -1.41500376166707e-09 1.17557218795347e-11 1.2640445570799e-12 1.8338858479625e-17                0                0                0
     295.2 -1.45038332377123e-09 1.20546296021372e-11 1.29552157160511e-12 1.88004751717319e-17                0                0                0
    295.52 -1.48517884245805e-09 1.23486408464298e-11 1.32647784788766e-12 1.92544284945512e-17                0                0                0
    295.84 -1.51931773499882e-09 1.26371467571964e-11 1.35684870255989e-12 1.96997761801448e-17                0                0                0
    296.16 -1.55272523872884e-09 1.29195201811688e-11 1.38656750985783e-12 2.01355477005836e-17                0                0                0
    296.48 -1.58532438641556e-09 1.31951154603117e-11 1.4155656796739e-12 2.05607439510033e-17                0                0                0
     296.8 -1.61703598162675e-09 1.34632682251072e-11 1.44377263560952e-12 2.09743369326599e-17                0                0                0
    297.12 -1.64777857409855e-09 1.37232951878401e-11 1.47111579302781e-12 2.13752694359848e-17                0                0                0
    297.44 -1.67746843510368e-09 1.39744939358825e-11 1.49752053710627e-12 2.17624547236415e-17                0                0                0
    297.76 -1.70601953281952e-09 1.42161427249785e-11 1.5229102008894e-12 2.213477621358e-17                0                0                0
    298.08 -1.73334350769628e-09 1.44475002725293e-11 1.54720604334144e-12 2.24910871620934e-17                0                0                0
     298.4 -1.75934964782511e-09 1.46678055508777e-11 1.57032722739897e-12 2.28302103468729e-17                0                0                0
    298.72 -1.78394486430621e-09 1.48762775805935e-11 1.59219079802362e-12 2.31509377500639e-17                0                0                0
    299.04 -1.80703366661703e-09 1.50721152237576e-11 1.6127116602547e-12 2.34520302413211e-17                0                0                0
    299.36 -1.82851813798033e-09 1.52544969772475e-11 1.63180255726193e-12 2.37322172608646e-17                0                0                0
    299.68 -1.84829791073235e-09 1.54225807660217e-11 1.64937404839805e-12 2.39901965025352e-17                0                0                0
       300 -1.86627014169094e-09 1.55755037364048e-11 1.66533448725151e-12 2.42246335968502e-17                0                0                0
    300.32 -1.88232948752366e-09 1.57123820493721e-11 1.67958999969914e-12 2.4434161794059e-17                0                0                0
    300.64 -1.89636808011598e-09 1.58323106738347e-11 1.69204446195882e-12 2.46173816471985e-17                0                0                0
    300.96 -1.90827550193933e-09 1.59343631799241e-11 1.70259947864214e-12 2.47728606951492e-17                0                0                0
    301.28 -1.91793876141929e-09 1.60175915322771e-11 1.71115436080707e-12 2.48991331456902e-17                0                0                0
     301.6 -1.9252422683037e-09 1.60810258833208e-11 1.71760610401063e-12 2.49946995585554e-17                0                0                0
    301.92 -1.9300678090308e-09 1.61236743665572e-11 1.72184936636157e-12 2.50580265284888e-17                0                0                0
    302.24 -1.93229452209734e-09 1.61445228898482e-11 1.72377644657302e-12 2.50875463683e-17                0                0                0
    302.56 -1.93179887342675e-09 1.61425349287002e-11 1.72327726201516e-12 2.50816567919203e-17                0                0                0
    302.88 -1.92845463173723e-09 1.61166513195494e-11 1.72023932676789e-12 2.50387205974579e-17                0                0                0
     303.2 -1.92213284390993e-09 1.60657900530461e-11 1.71454772967352e-12 2.49570653502536e-17                0                0                0
    303.52 -1.91270181035703e-09 1.59888460673399e-11 1.7060851123894e-12 2.48349830659366e-17                0                0                0
    303.84 -1.90002706038989e-09 1.58846910413645e-11 1.69473164744062e-12 2.46707298934797e-17                0                0                0
    304.16 -1.88397132758723e-09 1.57521731881221e-11 1.68036501627267e-12 2.44625257982557e-17                0                0                0
    304.48 -1.86439452516318e-09 1.55901170479691e-11 1.66286038730409e-12 2.42085542450921e-17                0                0                0
     304.8 -1.84115372133546e-09 1.53973232819001e-11 1.64209039397917e-12 2.39069618813274e-17                0                0                0
    305.12 -1.81410311469352e-09 1.5172568464833e-11 1.61792511282058e-12 2.35558582198664e-17                0                0                0
    305.44 -1.78309400956664e-09 1.4914604878894e-11 1.59023204148207e-12 2.31533153222359e-17                0                0                0
    305.76 -1.74797479139208e-09 1.46221603067026e-11 1.55887607680114e-12 2.26973674816403e-17                0                0                0
    306.08 -1.70859090208322e-09 1.42939378246556e-11 1.52371949285167e-12 2.21860109060173e-17                0                0                0
     306.4 -1.66478481539767e-09 1.39286155962129e-11 1.48462191899663e-12 2.16172034010934e-17                0                0                0
    306.72 -1.61639601230544e-09 1.3524846665182e-11 1.44144031794073e-12 2.09888640534397e-17                0                0                0
    307.04 -1.56326095635699e-09 1.30812587490026e-11 1.3940289637831e-12 2.02988729135274e-17                0                0                0
    307.36 -1.50521306905149e-09 1.25964540320315e-11 1.34223942006993e-12 1.95450706787832e-17                0                0                0
    307.68 -1.44208270520481e-09 1.20690089588277e-11 1.28592051784716e-12 1.87252583766453e-17                0                0                0
       308 -1.37369712831777e-09 1.14974740274372e-11 1.22491833371315e-12 1.78371970476191e-17                0                0                0
    308.32 -1.2998804859442e-09 1.08803735826774e-11 1.15907616787134e-12 1.68786074283321e-17                0                0                0
    308.64 -1.22045378505911e-09 1.02162056094226e-11 1.08823452218294e-12 1.58471696345905e-17                0                0                0
    308.96 -1.13523486742679e-09 9.50344152588822e-12 1.01223107821954e-12 1.4740522844434e-17                0                0                0
    309.28 -1.04403838496896e-09 8.74052597691588e-12 9.30900675315846e-13 1.35562649811917e-17                0                0                0
     309.6 -9.46675775132937e-10 7.92587662725865e-12 8.44075288622333e-13 1.22919523965383e-17                0                0                0
    309.92 -8.42955236259685e-10 7.0578839548651e-12 7.5158400715787e-13 1.09450995535488e-17                0                0                0
    310.24 -7.32681702952013e-10 6.13491104416465e-12 6.53253011862431e-13 9.51317870975447e-18                0                0                0
    310.56 -6.15656821442684e-10 5.15529337935229e-12 5.4890555364975e-13 7.99361960019864e-18                0                0                0
    310.88 -4.91678924962551e-10 4.11733863767343e-12 4.3836193145999e-13 6.38380912049219e-18                0                0                0
     311.2 -3.60543009108687e-10 3.01932648270869e-12 3.21439470312411e-13 4.68109100986919e-18                0                0                0
    311.52 -2.22040707212516e-10 1.85950835765878e-12 1.97952499358039e-13 2.88276553424248e-18                0                0                0
    311.84 -7.59602657079226e-11 6.36107278629083e-13 6.77123299323072e-14 9.86089169259032e-19                0                0                0
    312.16 7.79134805005166e-11 -6.52682372084604e-13 -6.94727663921763e-14 -1.01172571664316e-18                0                0                0
    312.48 2.39799132669552e-10 -2.00869505271256e-12 -2.13797579753104e-13 -3.11351117918141e-18                0                0                0
     312.8 4.0991875284903e-10 -3.43379426872542e-12 -3.65459983945707e-13 -5.32214401517143e-18                0                0                0
    313.12 5.88497888513783e-10 -4.92987277954959e-12 -5.24660958370112e-13 -7.640546079472e-18                0                0                0
    313.44 7.75765597195502e-10 -6.49885280528237e-12 -6.91604609978667e-13 -1.00716846019294e-17                0                0                0
    313.76 9.71954471114599e-10 -8.14268623340714e-12 -8.66498195223282e-13 -1.26185725043217e-17                0                0                0
    314.08 1.17730066181208e-09 -9.86335482550855e-12 -1.04955214200275e-12 -1.52842687173033e-17                0                0                0
     314.4 1.39204390478145e-09 -1.16628704239879e-11 -1.24098007161013e-12 -1.80718784973495e-17                0                0                0
    314.72 1.61642754410043e-09 -1.35432751587773e-11 -1.44099882067992e-12 -2.09845537436994e-17                0                0                0
    315.04 1.85069855706305e-09 -1.55066416540562e-11 -1.64982846313561e-12 -2.40254933153027e-17                0                0                0
    315.36 2.09510757881136e-09 -1.7555073234966e-11 -1.86769233213686e-12 -2.71979433477624e-17                0                0                0
    315.68 2.34990892696735e-09 -1.96907041343249e-11 -2.0948170420269e-12 -3.05051975702797e-17                0                0                0
       316 2.61536062626481e-09 -2.19156996993434e-11 -2.33143251027983e-12 -3.39505976225981e-17                0                0                0
    316.32 2.89172443318119e-09 -2.42322565983396e-11 -2.57777197944795e-12 -3.75375333719482e-17                0                0                0
    316.64 3.17926586056949e-09 -2.66426030274538e-11 -2.83407203910912e-12 -4.12694432299918e-17                0                0                0
    316.96 3.47825420229012e-09 -2.91489989173642e-11 -3.10057264781406e-12 -4.51498144697662e-17                0                0                0
    317.28 3.78896255784279e-09 -3.17537361400024e-11 -3.37751715503376e-12 -4.91821835426297e-17                0                0                0
     317.6 4.11166785699821e-09 -3.44591387152667e-11 -3.6651523231066e-12 -5.33701363952025e-17                0                0                0
    317.92 4.44665088443026e-09 -3.72675630177397e-11 -3.96372834918596e-12 -5.7717308786316e-17                0                0                0
    318.24 4.79419630434764e-09 -4.01813979834023e-11 -4.27349888718739e-12 -6.22273866039539e-17                0                0                0
    318.56 5.15459268512579e-09 -4.32030653163487e-11 -4.59472106973598e-12 -6.69041061821974e-17                0                0                0
    318.88 5.52813252393877e-09 -4.63350196955018e-11 -4.92765553011366e-12 -7.17512546181697e-17                0                0                0
     319.2 5.91511227139112e-09 -4.95797489813285e-11 -5.27256642420658e-12 -7.67726700889803e-17                0                0                0
    319.52 6.31583235614974e-09 -5.29397744225547e-11 -5.62972145245241e-12 -8.19722421686691e-17                0                0                0
    319.84 6.7305972095758e-09 -5.64176508628811e-11 -5.99939188178775e-12 -8.73539121451524e-17                0                0                0
